Original Signal,Approximation,D 1,D 2,D 3,D 4
-1.540000000000000036e+00,-3.994073034975205716e-01,1.237894769509493148e-01,4.328206828311786936e-01,9.097842241582021483e-01,7.568609643295880207e-02
-1.540000000000000036e+00,-3.356916275745887024e-01,-2.959810318110698071e-02,1.531908943090978248e-01,3.033805261824601973e-01,1.500122385289283655e-01
-1.199999999999999956e+00,-2.652928379010134896e-01,7.926829790081892091e-02,-2.332091091745523981e-01,-3.122896646972529999e-01,2.158152204955048892e-01
1.499999999999999944e-01,-1.894374948520565483e-01,-1.495234763356824599e-02,-5.303509844081930602e-01,-7.126868389782397006e-01,2.662501355386470703e-01
1.199999999999999956e+00,-1.091105248550051920e-01,-7.610230526135487727e-02,-5.076911324739643572e-01,-8.194925254463174547e-01,2.938586913662445954e-01
1.199999999999999956e+00,-2.548776049882026801e-02,1.298616865605076443e-01,-3.505147221556480924e-02,-6.809273144393374055e-01,2.882213538986128087e-01
1.330000000000000071e+00,5.975009778044407249e-02,2.271021892166486672e-02,5.582079164370791213e-01,-3.993627242467039928e-01,2.444668421494958499e-01
1.330000000000000071e+00,1.447583490626383751e-01,-4.836385831293797399e-01,6.214077556243029488e-01,-6.292751380077817036e-02,1.712816568495444947e-01
1.199999999999999956e+00,2.277636562867729197e-01,5.184528970371756751e-01,8.419018534175617963e-02,2.745597953432594718e-01,8.558719758427413282e-02
3.300000000000000155e-01,3.073955655941073561e-01,-1.108718365020608804e-01,-3.895909036287275584e-01,5.629907059657913715e-01,5.332986582289681379e-03
-1.209999999999999964e+00,3.827833999587268998e-01,8.432118971354250758e-02,-3.825423694989182888e-01,7.324179333637731437e-01,-5.612456560657838600e-02
-2.439999999999999947e+00,4.532775681119131650e-01,-8.936809773547602087e-02,-1.240433576302032020e-01,7.108699984265671734e-01,-9.389214426677187919e-02
-1.209999999999999964e+00,5.182391927246955410e-01,-1.993430922355249046e-01,9.365983521600400319e-02,4.636181084337203107e-01,-1.072429607555440562e-01
-6.600000000000000311e-01,5.771484599116923908e-01,1.527254805184836695e-01,2.434810359910785926e-01,3.163725556481945117e-02,-9.539342182581993235e-02
-9.200000000000000400e-01,6.296839087971730642e-01,7.294420510773341748e-02,2.933188212966255648e-01,-4.712711959534991446e-01,-6.361936420163777361e-02
-2.439999999999999947e+00,6.757719814752033427e-01,7.788943316304806908e-02,8.612239523117297402e-02,-8.876410550073139394e-01,-2.792672971594438794e-02
-1.199999999999999956e+00,7.157111218057172763e-01,-1.033477046540895450e-01,-3.229090541015693372e-01,-1.056636069950724011e+00,-9.028334180910852977e-03
-9.200000000000000400e-01,7.496741598391575279e-01,-2.359840097489008803e-01,-5.042264082535186098e-01,-8.913405829860120422e-01,-2.346439598360211889e-02
-6.600000000000000311e-01,7.772949536082998101e-01,-7.451082900405150110e-03,-1.343886916019030875e-01,-4.059551862050035931e-01,-7.573845674753100499e-02
-9.200000000000000400e-01,7.976608868431009913e-01,6.050617546956912340e-01,4.384293702854450414e-01,2.591647236501670171e-01,-1.558583505617149034e-01
1.499999999999999944e-01,8.092656011925960513e-01,-2.434649501496423118e-01,4.975733461462912288e-01,8.426267998774976675e-01,-2.475352170735923563e-01
6.400000000000000133e-01,8.106963490156681162e-01,-3.133946705626272089e-01,-3.385141856584180514e-02,1.111718462641566818e+00,-3.355215796865282929e-01
4.899999999999999911e-01,8.015991721892800070e-01,-2.492472052733301635e-01,-4.355319290696845203e-01,9.553584917391768627e-01,-4.043704285148927990e-01
1.499999999999999944e-01,7.828858767202965252e-01,8.321089731035921089e-01,-2.358332000853022303e-01,4.452878424104068644e-01,-4.373889104913846193e-01
9.300000000000000488e-01,7.564530449156714464e-01,-3.470662525242492191e-01,2.400121187496150610e-01,-1.528833375552527685e-01,-4.204268045400696985e-01
9.300000000000000488e-01,7.247287992932387457e-01,-1.824029177011519121e-01,4.582055249448668821e-01,-5.763141979994322872e-01,-3.479792526840885802e-01
3.300000000000000155e-01,6.900044991100418024e-01,-9.867498727514209533e-02,2.816693759107255501e-01,-6.875413338548823639e-01,-2.281170767370983010e-01
-6.600000000000000311e-01,6.541385857199313314e-01,4.528970171254016464e-01,-1.297190744178223498e-01,-5.024777624577391189e-01,-8.068381587527838350e-02
-2.999999999999999889e-02,6.187165213774241668e-01,-1.564979203229495963e-01,-6.280722206174325084e-01,-1.896093985866726117e-01,7.251978699035192821e-02
1.070000000000000062e+00,5.847676269268554661e-01,-2.462009139163886251e-01,-8.527969913727138085e-01,8.501923944041919756e-02,2.148902148653274724e-01
1.070000000000000062e+00,5.524838672501505288e-01,7.657338861788146565e-03,-2.993674567156468513e-01,2.372815866928433826e-01,3.346148237569940842e-01
1.199999999999999956e+00,5.211465745658301341e-01,4.086530941796642780e-01,7.154525237125596293e-01,2.441647754332910980e-01,4.234652378303917497e-01
1.499999999999999944e-01,4.891372283982172720e-01,-1.710409220321463808e-01,1.120918170904497524e+00,1.512554005373067390e-01,4.770886191509876029e-01
-4.400000000000000022e-01,4.547312692593942773e-01,-2.061301618544627845e-01,5.357065831729358463e-01,2.273256536402665923e-02,4.969938887954142293e-01
-9.200000000000000400e-01,4.171787024107878050e-01,-1.205310047920253869e-01,-3.229117930574005868e-01,-7.999540375668988401e-02,4.918731464158558331e-01
-2.999999999999999889e-02,3.773124681935735580e-01,4.095298404616928845e-01,-6.271469330749837034e-01,-9.322590750710155194e-02,4.732527852571682958e-01
-2.999999999999999889e-02,3.375713918542189718e-01,1.945581528309702976e-02,-2.937509145620174067e-01,-3.911988373481327386e-03,4.477517995546352325e-01
-4.400000000000000022e-01,3.011705682566702680e-01,-3.149499003492576832e-01,4.241274165315069011e-02,1.288327638292296184e-01,4.141346281531919082e-01
-4.400000000000000022e-01,2.706369342052725169e-01,1.978166988471715404e-01,-1.376199408479868158e-01,1.996260478134321281e-01,3.674414045569945886e-01
-2.200000000000000011e-01,2.470252700934029710e-01,-1.737887044534520142e-01,-4.756761301498222960e-01,1.231628461827959653e-01,3.031756370546873081e-01
-4.299999999999999933e-01,2.300506821663480528e-01,7.974913518086695907e-02,-1.312440332381342445e-01,-8.276125166811468259e-02,2.188105852812004815e-01
-4.299999999999999933e-01,2.183377208825309224e-01,-3.392988207566199205e-02,8.069635075248611233e-01,-2.897396820325970901e-01,1.132390415782319609e-01
7.900000000000000355e-01,2.099530161117349747e-01,3.098442152474234490e-01,9.840539663439442641e-01,-3.470185568394676401e-01,-1.411390207565937048e-02
1.570000000000000062e+00,2.026803127589567322e-01,-3.032703079681494107e-01,-1.293174984640620695e-01,-1.982368610461291147e-01,-1.596296278747632580e-01
1.570000000000000062e+00,1.939737617416059379e-01,-1.117586997927762088e-01,-9.808273317046044548e-01,6.606703288918387706e-02,-3.110151749085081074e-01
1.199999999999999956e+00,1.815912824125714975e-01,2.250968704848418100e-01,-4.056465807176118932e-01,2.594168406338051569e-01,-4.489741547629620966e-01
1.499999999999999944e-01,1.645669966861022515e-01,7.435210162201889850e-02,4.121920664137541657e-01,2.424518230637166261e-01,-5.552169819134645801e-01
-2.200000000000000011e-01,1.438480446124086876e-01,-2.490092041772484777e-01,2.392511065590847141e-01,2.983346565909201359e-02,-6.189759827358837230e-01
-1.540000000000000036e+00,1.222281929839487691e-01,-2.659650372250494874e-02,-1.645685927649513103e-01,-2.270568685673025611e-01,-6.373484756394879325e-01
-1.540000000000000036e+00,1.034150919509949917e-01,3.266577643441076484e-01,6.585265323350304734e-02,-3.322537155115699581e-01,-6.120025577226404501e-01
-1.929999999999999938e+00,9.050432424013381272e-02,-1.242223761522603387e-01,2.783110219022871257e-01,-1.961966901317491185e-01,-5.451492004788965895e-01
-1.540000000000000036e+00,8.482299029286481662e-02,-1.421659455801514149e-01,-8.011057003345058158e-02,1.025686286922824209e-01,-4.414113462127652876e-01
-6.600000000000000311e-01,8.578148231576311622e-02,5.987466191059175047e-02,-2.980563139573296216e-01,3.939193204592253417e-01,-3.120994551226453084e-01
1.499999999999999944e-01,9.142297755858906638e-02,-3.263560284479376933e-02,5.788744272649637423e-02,5.128967973283503623e-01,-1.731640453048617356e-01
9.300000000000000488e-01,9.952198963691877287e-02,1.977691698511188090e-01,2.035683118645150447e-01,4.156442800660505310e-01,-3.792438439386806859e-02
1.070000000000000062e+00,1.083196797926620908e-01,-2.969105391928644755e-01,-2.836405994657857366e-01,1.916212602241481322e-01,8.871190200960044070e-02
9.300000000000000488e-01,1.166211375378746889e-01,2.817828991690734530e-01,-4.931883538886836504e-01,-3.669968540558277148e-02,2.086341591868475509e-01
-2.200000000000000011e-01,1.239769891026367282e-01,-2.103722966074751122e-01,1.805953644915282152e-01,-1.845455688883247680e-01,3.234997542591251940e-01
-6.600000000000000311e-01,1.308161904740718362e-01,7.510757989189802142e-02,8.249187010449223756e-01,-2.565797650054682522e-01,4.271426895219656017e-01
-1.540000000000000036e+00,1.386332558296674566e-01,5.272753586061140751e-02,5.076344732816542304e-01,-3.134676369991256650e-01,5.069044013745747090e-01
-2.999999999999999889e-02,1.499361281104363008e-01,-6.294217833367878046e-02,-3.179768058261546182e-01,-3.793018699016747486e-01,5.515234993849804646e-01
-6.600000000000000311e-01,1.674724371784849508e-01,3.556178455296114815e-02,-7.602055889845246162e-01,-4.223333331429222071e-01,5.534517905397682291e-01
-4.299999999999999933e-01,1.929298010717813983e-01,-2.339665233372377473e-02,-5.577132585403808962e-01,-3.734647335639589838e-01,5.076544076056973553e-01
-1.530000000000000027e+00,2.259213172908836054e-01,7.392025480715007368e-02,1.052096887577829570e-01,-1.864820859219105953e-01,4.099529175783432899e-01
-4.299999999999999933e-01,2.639563671843456194e-01,-1.814119690751551106e-01,6.794097842839427193e-01,9.638520860712554428e-02,2.584600816204477014e-01
-2.999999999999999889e-02,3.030229644576811210e-01,1.193015461514362469e-01,5.153282539377829208e-01,3.838290977314450236e-01,6.014151282070372834e-02
-2.200000000000000011e-01,3.387332312375776477e-01,-1.793229236367699098e-01,-1.483683804970469811e-01,5.856784984751545187e-01,-1.623155280133081191e-01
7.900000000000000355e-01,3.674679910583567022e-01,5.817596649924727803e-01,-4.274622435415878496e-01,6.453284745383147669e-01,-3.740791861272149688e-01
4.899999999999999911e-01,3.867852847824741480e-01,-5.876689758798067098e-01,-2.447856623951714661e-01,5.699760100140889296e-01,-5.398749897008527920e-01
3.300000000000000155e-01,3.954627028089435781e-01,1.965207149950802257e-01,-1.370326361604514431e-01,3.635659179339731928e-01,-6.302529814263450048e-01
-2.999999999999999889e-02,3.933273725329032855e-01,-2.929400550434006489e-01,7.788344887789506836e-03,1.766258258863631983e-02,-6.267931724431460294e-01
-2.200000000000000011e-01,3.810200427157641734e-01,5.861202322257187403e-01,4.389872845213892427e-01,-4.255757492722984092e-01,-5.254302420296435017e-01
6.400000000000000133e-01,3.597506434362934824e-01,-3.100455415450050212e-01,6.065483558071071979e-01,-8.717815428572731618e-01,-3.357085495835761546e-01
-2.999999999999999889e-02,3.309208113140723051e-01,-2.226072660202201570e-01,1.091410256346128232e-01,-1.132268895137933384e+00,-8.222886978230781185e-02
1.499999999999999944e-01,2.955981812404921971e-01,4.379076819011263888e-01,-4.678662575208048513e-01,-1.003110174109153707e+00,1.946102705822469470e-01
-6.600000000000000311e-01,2.539829678651114309e-01,-2.753293474550601028e-01,-5.282360206323934992e-01,-4.430010059493160179e-01,4.472690849070112273e-01
4.899999999999999911e-01,2.053485907606203420e-01,4.176601898043073857e-02,-2.553876437771349650e-01,4.037291665296104948e-01,6.335052234789312342e-01
7.900000000000000355e-01,1.484312743796225575e-01,-5.666236312891900773e-02,-2.886158378309251066e-02,1.211135880560732847e+00,7.213995753768500663e-01
1.330000000000000071e+00,8.222418271665513090e-02,4.818064349811320562e-02,9.767289756817430779e-02,1.608483066290450125e+00,6.951489450423447014e-01
3.300000000000000155e-01,6.778937452301282002e-03,2.721813468845240003e-01,1.827013199375673858e-01,1.419247351729216788e+00,5.594131647154860776e-01
7.900000000000000355e-01,-7.650534443039387622e-02,-4.068008449794942027e-01,2.474628631004655577e-01,7.038518948591524493e-01,3.366613869168682549e-01
6.400000000000000133e-01,-1.647806241830016005e-01,2.032315291281445169e-01,3.036384035081062804e-01,-2.561070928887145270e-01,6.450457113824524524e-02
1.499999999999999944e-01,-2.540329989259138554e-01,-2.754606302192871281e-01,2.639621205804575932e-01,-1.072645253660645448e+00,-2.097065693505780759e-01
-2.999999999999999889e-02,-3.397808825841963087e-01,4.759016045686834673e-01,5.165210917140124203e-02,-1.471315450491742061e+00,-4.416573747069220679e-01
-9.200000000000000400e-01,-4.176683976402437715e-01,-2.291535937078165164e-01,-2.276951691052340743e-01,-1.362455654318869724e+00,-6.001897072256513477e-01
-4.299999999999999933e-01,-4.839349530094775864e-01,3.116895682806944748e-02,-4.407504845390423642e-01,-8.546389931517645033e-01,-6.680060710431009463e-01
-1.530000000000000027e+00,-5.358667482815474559e-01,-3.365397790633836705e-01,-5.094915875255368043e-01,-2.033836082202374329e-01,-6.425267409971880950e-01
-6.600000000000000311e-01,-5.719225221812020976e-01,4.873803530420224850e-01,-2.776798034727132602e-01,3.441428769452549719e-01,-5.351261806582910951e-01
-4.299999999999999933e-01,-5.916198782939835477e-01,-1.510964042730437440e-01,3.038952146718579272e-01,6.420590618830391838e-01,-3.673500733206297997e-01
-6.600000000000000311e-01,-5.955032208071869837e-01,-1.227671793909500542e-01,7.686524600350750358e-01,6.795069955044898968e-01,-1.693342445293923026e-01
-9.200000000000000400e-01,-5.849227568700241520e-01,1.130937222587518609e-01,4.673522091384110788e-01,5.614302564474686896e-01,2.540962807922749270e-02
-1.929999999999999938e+00,-5.615992609636007993e-01,-1.311077177412415251e-01,-3.590878208775712954e-01,4.177891816822151827e-01,1.898769737800296287e-01
-1.530000000000000027e+00,-5.272082834608640134e-01,3.063575730541851505e-01,-6.344893431545817197e-01,3.215506689990418887e-01,3.092340237835131123e-01
-9.200000000000000400e-01,-4.830031517714019618e-01,-5.203202605950916215e-01,-8.314292072700747716e-02,2.695454183942266879e-01,3.806316380576275082e-01
-4.299999999999999933e-01,-4.296579977717449039e-01,5.006259838860790401e-01,3.611105674339588067e-01,2.086912552878037175e-01,4.109924302309473365e-01
-2.200000000000000011e-01,-3.674922092493271286e-01,-1.394424829892586259e-01,2.286870075591117824e-01,8.285448660055916292e-02,4.095679026728141769e-01
-4.299999999999999933e-01,-2.969945746795434882e-01,-8.771377976851661706e-02,2.370651380107601652e-02,-1.162787652494294416e-01,3.825608878949566805e-01
-2.999999999999999889e-02,-2.194469241401902082e-01,5.264708414318339941e-02,-6.237302991153122894e-02,-3.425748742600825958e-01,3.347457151066957626e-01
-4.400000000000000022e-01,-1.372328540391111740e-01,-2.145315309794263436e-01,-2.398149629541685146e-01,-5.161055901114462996e-01,2.699846163023320034e-01
-6.600000000000000311e-01,-5.356957066634510795e-02,3.126900534914815455e-01,-2.718821075776001184e-01,-5.532615865670247324e-01,1.925355577720938571e-01
-4.299999999999999933e-01,2.795556473533925002e-02,-2.518255841117417876e-02,7.285185293309720533e-02,-4.129446431591454192e-01,1.080090793945779060e-01
-2.999999999999999889e-02,1.037526777075963996e-01,-9.702735682766536196e-02,3.598393887885695808e-01,-1.262203756914516140e-01,1.842836166044984833e-02
4.899999999999999911e-01,1.705003877436535864e-01,-5.194562813205844121e-02,1.350765013824192229e-01,1.933044000968550113e-01,-8.015813987006495389e-02
-2.999999999999999889e-02,2.251047774447222649e-01,-1.259224006343203674e-02,-3.044041152331519173e-01,3.952125942784708301e-01,-1.891171890086237040e-01
7.900000000000000355e-01,2.649177958707325531e-01,2.352293803968227293e-01,-2.966694986189177818e-01,3.760072890176248128e-01,-2.999012135365786702e-01
4.899999999999999911e-01,2.884050504516366131e-01,-2.397643227566246260e-01,2.076718842887563254e-01,1.417486945999272829e-01,-3.946528544413770434e-01
6.400000000000000133e-01,2.956717445468782790e-01,2.028219683958975769e-03,4.890167243479768833e-01,-1.724651542962892803e-01,-4.507657653998016212e-01
-4.299999999999999933e-01,2.885159758821703169e-01,1.125684353768430790e-01,1.033322717076432667e-01,-3.851627139064858762e-01,-4.550313970638599215e-01
1.499999999999999944e-01,2.697209917836130844e-01,3.234691110959495020e-02,-3.720225401932243936e-01,-3.861754257322053685e-01,-4.123423353146176140e-01
7.900000000000000355e-01,2.420196460909347369e-01,-3.119117374462509681e-02,-2.562814187068362393e-01,-1.951069554970476239e-01,-3.342357278888599126e-01
6.400000000000000133e-01,2.072537971934463041e-01,-2.707166957640954053e-01,1.141991892752472759e-01,5.722720865001190010e-02,-2.271746571729032216e-01
-4.400000000000000022e-01,1.662030585277617101e-01,4.351662930789680361e-01,1.012675639347700302e-01,2.379600677266167918e-01,-9.495356028924881175e-02
-2.439999999999999947e+00,1.191646786505234784e-01,-2.189579591151394888e-01,-1.185422742687450293e-01,3.074134655624174428e-01,5.339420497362128148e-02
-1.209999999999999964e+00,6.658865309001074650e-02,8.035792244625172831e-02,-1.079934047088245419e-01,3.242237498293971121e-01,1.974131907044495149e-01
1.070000000000000062e+00,9.288367189816524108e-03,-3.741356798348599022e-01,2.318397816086112395e-02,3.744486353157292502e-01,3.072143727714952144e-01
2.209999999999999964e+00,-5.184541343869728675e-02,4.263692483064203120e-01,9.920242224767231165e-02,4.664087494314424487e-01,3.635748037845263902e-01
2.209999999999999964e+00,-1.160151666726156050e-01,8.160271468577579013e-02,2.361516652154655449e-01,5.056047532487860652e-01,3.723603715670210645e-01
1.199999999999999956e+00,-1.823246768006799856e-01,-1.032311575525014513e-01,2.988687598010130175e-01,3.611063103738555435e-01,3.518091643883906050e-01
6.400000000000000133e-01,-2.492626115952891186e-01,-2.187003174619300272e-01,-3.046373379436453227e-02,-3.299790915003108366e-02,3.150987365590969258e-01
9.300000000000000488e-01,-3.140742431272759982e-01,-3.446961833562243727e-01,-5.127810582282411600e-01,-5.892068217397917751e-01,2.644567039250418916e-01
1.070000000000000062e+00,-3.732040507970866838e-01,7.157079585989359893e-01,-5.325241081371192564e-01,-1.095697103345179890e+00,1.971748801275914620e-01
1.499999999999999944e-01,-4.235161771357106586e-01,9.133810269782370594e-02,2.839636664319933335e-02,-1.320556580457985074e+00,1.189405261703162103e-01
-2.999999999999999889e-02,-4.634110890630838142e-01,-3.783497024493334138e-01,5.785903206220134321e-01,-1.116071492390140030e+00,4.817122072726604670e-02
-6.600000000000000311e-01,-4.933376836603491356e-01,-9.582046838901756014e-02,5.124309516586810220e-01,-5.097297903680725328e-01,-6.812698438246075992e-04
1.499999999999999944e-01,-5.150990558405891262e-01,-4.134789978009614092e-02,-8.862132492544682119e-03,3.132753045165598826e-01,-3.232867387143159577e-02
-6.600000000000000311e-01,-5.307220146532047877e-01,1.841886898522415994e-01,-3.212193617886387464e-01,1.083417672688602451e+00,-6.313707514933783460e-02
-9.200000000000000400e-01,-5.416645440409409984e-01,1.938789593875674677e-01,-2.528874172041788992e-01,1.529527540411951270e+00,-1.061045462556188257e-01
-1.929999999999999938e+00,-5.488174351691357256e-01,-1.204222034458902191e-01,-1.675042654430639322e-01,1.496335829073729196e+00,-1.606156202609458905e-01
-1.530000000000000027e+00,-5.530197798572884516e-01,-2.885517160294425731e-01,-1.271566448211357281e-01,9.917712412472148298e-01,-2.147415617303436164e-01
-2.999999999999999889e-02,-5.552121320560325923e-01,2.221151634851363244e-01,1.095133304706253641e-01,1.904991570234290943e-01,-2.596474228764402703e-01
1.499999999999999944e-01,-5.560076973391596677e-01,-9.917878740231379775e-02,3.607540106542549418e-01,-6.129268497018552919e-01,-2.971389602878553582e-01
1.499999999999999944e-01,-5.549112265580401493e-01,3.640924520791798402e-01,2.199167375222594312e-01,-1.142532238592542049e+00,-3.308123665334284924e-01
-2.200000000000000011e-01,-5.502459098305535479e-01,-4.017358349969551434e-01,-1.173416138752746141e-01,-1.246634176561699059e+00,-3.551795908551106384e-01
-4.299999999999999933e-01,-5.399470577375278246e-01,1.486403052909675837e-01,-1.539076446156057154e-01,-9.548539739208139476e-01,-3.570292465395607517e-01
-2.999999999999999889e-02,-5.228061392508868144e-01,-2.582569128977150741e-01,-1.991070439842077683e-02,-4.513695917251084877e-01,-3.237197536893897110e-01
3.300000000000000155e-01,-4.995195685401113139e-01,2.900752721428797032e-01,-1.206826079925810147e-01,4.596014265531644938e-02,-2.526154694121335309e-01
3.300000000000000155e-01,-4.722678265033662393e-01,2.232655513980753015e-01,-1.915007979821918283e-01,3.908543461948359998e-01,-1.522810615386501476e-01
-2.999999999999999889e-02,-4.435085349255433740e-01,-3.950563726388582886e-01,2.102317148506962219e-01,5.531707594734281974e-01,-3.302232708475905110e-02
6.400000000000000133e-01,-4.149325223934176576e-01,5.137032789118994858e-02,6.114072124106357808e-01,5.768983372744609373e-01,9.809165527891797187e-02
6.400000000000000133e-01,-3.870674274357469025e-01,1.330918483947391047e-02,1.410177630274492278e-01,5.182029830194317954e-01,2.340756806240205934e-01
7.900000000000000355e-01,-3.598125845176689541e-01,2.597509389385759329e-02,-9.299868350184550270e-01,3.977406102376567221e-01,3.635241170101938812e-01
-6.600000000000000311e-01,-3.329802652458410117e-01,1.213656815276333567e-01,-1.118027442978535291e+00,2.033519756500848652e-01,4.701726855881282474e-01
-6.600000000000000311e-01,-3.063574965394070260e-01,-3.525754573245613172e-02,2.427209016632742855e-01,-4.272569067286021566e-02,5.373254959409883291e-01
-2.999999999999999889e-02,-2.791478899779488709e-01,-1.355328251529598627e-01,1.610428652672706518e+00,-2.875767993781737086e-01,5.551802865579504864e-01
1.499999999999999944e-01,-2.495860447099091939e-01,-8.686942113249947195e-02,1.181917863647119038e+00,-4.585364458039245528e-01,5.233472440401619741e-01
4.899999999999999911e-01,-2.154663038252934149e-01,3.149642489053263716e-01,-4.825864802692043654e-01,-4.886293640983658260e-01,4.460824449166611028e-01
-4.400000000000000022e-01,-1.751842606989323925e-01,-1.107567786430910806e-01,-1.395622439296643647e+00,-3.811563260557386812e-01,3.309207044649532525e-01
-6.600000000000000311e-01,-1.288713315256206915e-01,5.481848583268140312e-02,-8.064205620987242584e-01,-1.755991445360611802e-01,1.897372898704738353e-01
-1.540000000000000036e+00,-7.852325201746657157e-02,-4.253976387124375202e-01,3.106586935836845309e-01,7.020915081128686897e-02,3.907250747023353898e-02
-1.540000000000000036e+00,-2.701452810403419044e-02,3.870686931598397718e-01,7.060046323816718816e-01,2.880861394370856088e-01,-1.004658102469273701e-01
-1.209999999999999964e+00,2.315112499198831650e-02,1.037987370737397941e-01,2.427911275156661441e-01,4.356278731888760802e-01,-2.095034720014389840e-01
-6.600000000000000311e-01,7.061185820038563821e-02,-2.025802821409880550e-01,-1.721043103770382721e-01,4.726091136881866994e-01,-2.773195632922349496e-01
1.499999999999999944e-01,1.148820661659030740e-01,8.782347142580479438e-02,-8.399971565147556357e-03,3.788647373483430836e-01,-3.036617575309918382e-01
4.899999999999999911e-01,1.557971035033620666e-01,-1.997354507678706370e-01,2.392515844825170157e-01,1.717719560221318276e-01,-2.940210313428875955e-01
-2.999999999999999889e-02,1.932255043335564526e-01,2.630953198376581037e-01,6.433432931834784894e-03,-1.008704925138270703e-01,-2.567818739856277954e-01
-9.200000000000000400e-01,2.273495551379092761e-01,-2.060150867174770639e-01,-4.783404874779355054e-01,-3.525277442926892935e-01,-2.021018806866047013e-01
-4.400000000000000022e-01,2.590644772682982322e-01,1.262211184834559352e-01,-4.965547781830707552e-01,-5.017490848470722575e-01,-1.422519952543590538e-01
-2.999999999999999889e-02,2.895743734084754717e-01,-3.236571001172059564e-02,1.898860707467960318e-01,-4.961056432554414863e-01,-9.249066947589480725e-02
-2.999999999999999889e-02,3.196016707466319828e-01,-3.553276044569197989e-02,8.105938339341847154e-01,-3.331461535904522986e-01,-6.534119562033928463e-02
-1.199999999999999956e+00,3.485263205868365244e-01,1.181037815861709084e-01,5.096960131503673885e-01,-7.886473979414700131e-02,-6.243342389774288875e-02
1.499999999999999944e-01,3.742511159933525344e-01,-9.416485380855151716e-03,-3.510471805185338967e-01,1.713110475010567457e-01,-7.333181124048807065e-02
1.449999999999999956e+00,3.941828516413349304e-01,-1.916571971659469520e-01,-7.261518602931651412e-01,3.132582605615163440e-01,-8.260336569611301250e-02
2.109999999999999876e+00,4.063092632693545148e-01,-8.800932794562435491e-02,-3.460113510186385022e-01,2.937640644095921849e-01,-7.876918707845036172e-02
1.679999999999999938e+00,4.099052051179962741e-01,4.002586518178720687e-01,2.276002384053464334e-01,1.508403562433396905e-01,-5.936815324820179929e-02
6.400000000000000133e-01,4.055345964779577539e-01,-1.225584388911900302e-02,4.178854651465571668e-01,-2.042300344722239661e-02,-2.779717337148257528e-02
1.499999999999999944e-01,3.944533406590369773e-01,-2.310906995790676377e-01,1.394061803209277195e-01,-9.870390011880328385e-02,1.300990114960187335e-02
-6.600000000000000311e-01,3.781763982712408323e-01,-3.825643371075623245e-01,-1.179576371073050856e-01,-3.087544083393012340e-02,5.960212933862771290e-02
-6.600000000000000311e-01,3.585244047489365427e-01,6.709444269748230383e-01,3.022542109836071078e-02,1.263211707812805507e-01,1.019592636899048638e-01
-6.600000000000000311e-01,3.376867117960832831e-01,-5.812754955305936277e-02,1.843719423227323795e-01,2.583681462745223700e-01,1.212757171002999679e-01
3.300000000000000155e-01,3.178236157511177273e-01,-1.921119339676539417e-01,-1.535909561567226633e-01,2.484403267455564390e-01,9.734029492660085936e-02
4.899999999999999911e-01,3.004212964542376518e-01,-1.220820883208874469e-01,-5.549240977637778238e-01,7.655402312035836099e-02,2.209988230157337169e-02
-2.200000000000000011e-01,2.854826834050082640e-01,5.189314141319861795e-02,-2.462008624938452905e-01,-1.610642544126907605e-01,-9.302451644059563096e-02
1.499999999999999944e-01,2.714018797681092554e-01,2.120487910978102741e-01,5.132950539272356227e-01,-3.262778731502204987e-01,-2.232324415827280362e-01
1.499999999999999944e-01,2.560797533922564706e-01,-1.861003832026759952e-01,7.195809768780234705e-01,-3.160526133574017016e-01,-3.424128487142136246e-01
1.570000000000000062e+00,2.380372986602681262e-01,4.939852460141091334e-02,1.576021684750295304e-01,-1.373739740979477431e-01,-4.301135165004205674e-01
7.900000000000000355e-01,2.169675556784461112e-01,-6.974579701514094232e-02,-4.529621046939902307e-01,9.919101320018627876e-02,-4.695343918420660789e-01
6.400000000000000133e-01,1.935673589210809287e-01,2.831459331043104100e-01,-5.971775285730843708e-01,2.589463858075335967e-01,-4.425742212340192383e-01
-1.929999999999999938e+00,1.686603771052051226e-01,-2.127074346955033501e-01,-3.432688922343031801e-01,2.661093079445316367e-01,-3.345032580412604095e-01
-2.999999999999999889e-02,1.427489673989321139e-01,-2.210507848312444623e-01,6.832321311578098966e-02,1.425171071593512306e-01,-1.469564254797368907e-01
4.899999999999999911e-01,1.162849174854662104e-01,2.782596780086317723e-01,4.161000978576855913e-01,-2.738703334124260869e-02,9.632435495948975246e-02
1.449999999999999956e+00,8.991072021850211871e-02,-1.253047478648135482e-01,5.334047671831975146e-01,-1.637079505681444669e-01,3.562492546450423125e-01
9.300000000000000488e-01,6.434514583244298203e-02,3.864492880189472901e-01,3.737330677576257698e-01,-2.512759985322533529e-01,5.925508469164425529e-01
1.499999999999999944e-01,3.974978893610360553e-02,-4.299698999104852870e-01,-6.075764189313590663e-02,-3.280768683825721066e-01,7.765320406087464766e-01
-1.540000000000000036e+00,1.496597905003103912e-02,1.902100862959985317e-01,-5.893633506291620083e-01,-4.025075806070071982e-01,8.910633156714421466e-01
-1.540000000000000036e+00,-1.231475616420303794e-02,-6.602301904464843441e-01,-6.481090394819010170e-01,-4.206166302449183547e-01,9.222451010816212769e-01
-4.400000000000000022e-01,-4.446129605965722098e-02,1.092571044672141722e+00,1.452173688675237892e-03,-2.797365832018711695e-01,8.601175547396686660e-01
9.300000000000000488e-01,-8.273411722860422868e-02,-5.199132302199221956e-01,5.066881035083976581e-01,9.315869046835272005e-02,7.077224481134282152e-01
1.070000000000000062e+00,-1.265362314461154492e-01,5.506251099343864586e-02,9.751541174878519680e-02,6.067464773405234491e-01,4.848555001164189249e-01
1.330000000000000071e+00,-1.737045529559021750e-01,-1.151985257721323680e-01,-4.088510561003800281e-01,1.033380430686812623e+00,2.246460733372516727e-01
7.900000000000000355e-01,-2.217100039972443315e-01,1.167448132658300830e-01,7.745640553254785898e-02,1.133373282616908950e+00,-3.769870715596148475e-02
3.300000000000000155e-01,-2.683942650135414665e-01,-2.835798838014487733e-01,8.430364282894116101e-01,7.819338387079821651e-01,-2.785927366496536717e-01
-9.200000000000000400e-01,-3.119055168490786345e-01,2.810256497331973802e-01,5.464174445456144724e-01,1.121554451964586335e-01,-4.855715431017042505e-01
-1.530000000000000027e+00,-3.504094576698074670e-01,1.317684788336851986e-01,-4.813096816342040674e-01,-5.700019944303923447e-01,-6.470696344968686065e-01
-1.530000000000000027e+00,-3.817675645640811188e-01,-7.553084093318909731e-02,-9.316388336624484845e-01,-9.835846913222927590e-01,-7.499691375735487719e-01
-1.199999999999999956e+00,-4.039674703140532230e-01,-2.935079677141710919e-01,-5.146936196442908340e-01,-9.920392144681865476e-01,-7.846435118054222446e-01
-1.929999999999999938e+00,-4.161681878214846808e-01,2.228733401750803977e-01,7.324764848488408975e-02,-6.934589180461655511e-01,-7.495028576982077917e-01
-6.600000000000000311e-01,-4.189534352619614377e-01,-1.706964742228750734e-02,3.866429854852365122e-01,-3.184441359400347893e-01,-6.541331251123837509e-01
4.899999999999999911e-01,-4.136611929501889939e-01,7.959260448324284587e-02,5.178075180697412350e-01,-4.958243064436132497e-02,-5.150263616563981461e-01
1.330000000000000071e+00,-4.011313613193736582e-01,-2.402271850298827172e-01,4.540152877629683448e-01,5.323474108290231210e-02,-3.449811696351181567e-01
6.400000000000000133e-01,-3.806690078187866533e-01,1.379428375765244241e-01,-9.536785691424323058e-03,6.990100489555321761e-02,-1.531995390982989480e-01
3.300000000000000155e-01,-3.503438916345223419e-01,1.597862736948735818e-01,-5.468587174036378951e-01,1.244000073030309961e-01,4.683626580382802690e-02
-2.200000000000000011e-01,-3.081452269865230242e-01,-6.300204362278401249e-02,-4.491377098858171935e-01,2.752800676801879232e-01,2.349172752843066148e-01
-2.200000000000000011e-01,-2.530440434871364386e-01,-4.408527176666046654e-01,2.269994670757879418e-01,4.743733653428137131e-01,3.869236966209670947e-01
-1.540000000000000036e+00,-1.854263693591627904e-01,5.046833519685461900e-01,5.967730693703510170e-01,5.960200795964637477e-01,4.806975832078663746e-01
-1.209999999999999964e+00,-1.066659291484154115e-01,-3.101806168857303928e-03,9.841215386220576733e-02,5.426874294515819930e-01,5.042818948489998787e-01
-1.209999999999999964e+00,-1.837926691330910023e-02,-8.668157357225800275e-02,-7.741872857115410511e-01,2.997619599050097561e-01,4.591866113260601456e-01
-9.200000000000000400e-01,7.762464892409469408e-02,-2.953140189028994333e-01,-8.270210947842100424e-01,-3.749834105073218682e-02,3.548343176558232948e-01
-1.540000000000000036e+00,1.788178974449004255e-01,2.592473466568579465e-01,3.170844201447046706e-01,-3.050872982126274779e-01,2.060510969082181565e-01
-1.199999999999999956e+00,2.817769558260843632e-01,4.590349421508404387e-02,1.297603403118571253e+00,-3.980081299212278045e-01,3.430845894902564280e-02
6.400000000000000133e-01,3.823585901533264608e-01,7.287369606382593235e-02,8.495871651630219068e-01,-3.046365632920521871e-01,-1.343635141992489401e-01
3.300000000000000155e-01,4.766772384084920211e-01,-4.382285281939439225e-01,-4.001757500048974125e-01,-1.135043341752735857e-01,-2.726632907449165755e-01
1.330000000000000071e+00,5.624390867267493599e-01,4.359343800770668076e-01,-1.197857345037888210e+00,2.648871134960706364e-02,-3.559054497007796414e-01
9.300000000000000488e-01,6.390798006125377739e-01,-5.858268125613656785e-02,-1.072019857433338386e+00,3.835799316923455687e-02,-3.689028056107754860e-01
1.070000000000000062e+00,7.070387587939881424e-01,-1.431647863452808339e-02,-8.915805922429588526e-02,-5.685546502903821714e-02,-3.122219120381569679e-01
1.499999999999999944e-01,7.665977237030808800e-01,-3.390170590731812483e-01,1.046099860677314197e+00,-1.658969313986192462e-01,-2.007531670033635973e-01
-9.200000000000000400e-01,8.168896648056783727e-01,2.751230105425328532e-01,1.214556263057833929e+00,-1.708790710868285934e-01,-5.937388904187889532e-02
-9.200000000000000400e-01,8.560651988808464230e-01,3.563504353806673519e-01,3.382094410271689888e-01,-4.797997329058138055e-02,8.197143746163285116e-02
-1.929999999999999938e+00,8.820199525382195205e-01,-6.599547315621143717e-01,-4.872452400968958486e-01,1.215382767213308984e-01,1.966839168024236972e-01
-3.220000000000000195e+00,8.929609397002645776e-01,4.120872753323701621e-01,-6.272683825901699262e-01,2.132765624969452101e-01,2.673981005721351445e-01
-9.200000000000000400e-01,8.876381329884639459e-01,-1.923283663442166558e-01,-4.574542433904286165e-01,1.324863859946874556e-01,2.849241958229406513e-01
6.400000000000000133e-01,8.652006427946498102e-01,2.213016744840194949e-01,-3.137483664602621625e-01,-8.446495292530023513e-02,2.477947602161441054e-01
1.199999999999999956e+00,8.249861407886002196e-01,-2.624174222091534836e-01,-1.322718063190532652e-02,-2.905996139406681333e-01,1.649170292970255081e-01
1.330000000000000071e+00,7.669131605404776453e-01,5.123384806804714975e-02,3.808943173318344311e-01,-3.268662777067682934e-01,5.498416490348269348e-02
6.400000000000000133e-01,6.922058809505923227e-01,3.929310045341292135e-01,3.488319573116138161e-01,-1.233215487947054434e-01,-5.586463019600756974e-02
1.199999999999999956e+00,6.035223402156473238e-01,-4.736874801855557870e-01,-9.099183991787048592e-03,2.249131107078075620e-01,-1.391070640477709008e-01
6.400000000000000133e-01,5.047684188831009777e-01,-2.969593656329230780e-01,6.928506829120072152e-02,5.182677634827286273e-01,-1.749836600395074937e-01
6.400000000000000133e-01,4.002231940154326595e-01,9.000036686439005784e-01,4.575303230800590870e-01,5.747739021875332144e-01,-1.607396586138711003e-01
-6.600000000000000311e-01,2.932230748885099603e-01,-3.114982060124686924e-01,2.297640492158058989e-01,3.395450863619253745e-01,-1.057801666704940163e-01
-6.600000000000000311e-01,1.858658658636469507e-01,-2.941144238362396468e-01,-4.982279696054525697e-01,-7.371430534065559481e-02,-2.402826952106162928e-02
-6.600000000000000311e-01,7.930449855896909428e-02,7.380978339839122659e-02,-6.771487960157099861e-01,-4.575754626323346175e-01,6.979703846599215333e-02
-6.600000000000000311e-01,-2.562877004441833570e-02,-4.757785157886401661e-02,-1.569730755161552194e-01,-6.171717790683480809e-01,1.625575368300715418e-01
-9.200000000000000400e-01,-1.276423146176562107e-01,3.655779140391395288e-01,2.132625540660467722e-01,-4.706735922457834231e-01,2.400615468250423823e-01
-6.600000000000000311e-01,-2.248967251015453472e-01,-2.914648486047284326e-01,1.344575007494346885e-01,-7.945548127531226745e-02,2.861497780924034950e-01
-4.299999999999999933e-01,-3.153033396166718960e-01,1.399810337169785646e-01,1.318981505626356521e-01,3.893380815153362207e-01,2.907372898322825860e-01
9.300000000000000488e-01,-3.966964590750888253e-01,-3.265426686782746390e-01,2.732744253803384149e-01,7.166498543657556786e-01,2.584263855428517997e-01
2.680000000000000160e+00,-4.668961292381735850e-01,3.480500943596722130e-01,2.475850144774681405e-02,7.359597132910651318e-01,2.041514347884928748e-01
3.430000000000000160e+00,-5.237341614759005726e-01,-2.704097746770229432e-02,-4.003032196203143989e-01,4.055214916890950150e-01,1.438020101507073434e-01
2.859999999999999876e+00,-5.649434844524058308e-01,-7.512289456177143054e-02,-1.987994012923907095e-01,-1.660019245018799494e-01,8.699318599245703387e-02
1.449999999999999956e+00,-5.884483743157342683e-01,-6.699507836947762862e-02,3.782003963850555928e-01,-7.306174554939796062e-01,3.318942788892524642e-02
4.899999999999999911e-01,-5.931395522460706227e-01,8.856838339997541443e-02,3.971776228288971256e-01,-1.027954061111441497e+00,-2.141975917510228686e-02
1.499999999999999944e-01,-5.792792246328800632e-01,-1.638152967213135636e-01,-1.890605430010246571e-02,-9.224186099973586961e-01,-7.619136930053097001e-02
-4.400000000000000022e-01,-5.487347630630617923e-01,1.804785990608869795e-01,-1.528766211001855169e-01,-4.605082324313844455e-01,-1.280489355071297575e-01
-1.540000000000000036e+00,-5.046339209643014856e-01,1.255938570285936584e-01,-1.055260243238425183e-01,1.453269248943627745e-01,-1.790592655719579485e-01
-1.540000000000000036e+00,-4.502749096014889707e-01,-1.299959325548623590e-01,-2.215558776732974300e-01,6.389264923849065081e-01,-2.358354340794671100e-01
-1.209999999999999964e+00,-3.884936080632402922e-01,-1.461816191824890365e-01,-2.277613474966009854e-01,8.630886298510959120e-01,-3.033260915777902800e-01
1.499999999999999944e-01,-3.214863449076419410e-01,-5.090984288568926874e-02,-7.485884663197167610e-02,7.979751932858826224e-01,-3.785800409563474522e-01
1.449999999999999956e+00,-2.509942376963255062e-01,1.990871902748259370e-01,-1.827580333824521674e-01,5.177037272015883040e-01,-4.470853747749739537e-01
1.449999999999999956e+00,-1.787189603731338117e-01,1.460244465982194484e-01,-1.566799492670147009e-01,1.400789517077957180e-01,-4.906344762146682692e-01
1.199999999999999956e+00,-1.063865132672722758e-01,-1.662398292571707625e-01,6.082929927478581966e-01,-2.226734780265318403e-01,-4.979080405072653370e-01
-2.999999999999999889e-02,-3.546803105706466258e-02,-2.033953634924766662e-01,1.112941530178645611e+00,-4.806929948735849112e-01,-4.669166700487838439e-01
-4.299999999999999933e-01,3.299153874851034479e-02,2.108261313939729931e-01,2.787488194370237315e-01,-5.441883488296123117e-01,-3.985772450056586091e-01
-6.600000000000000311e-01,9.814916075641924587e-02,-7.500298318484131810e-02,-8.586167746119324207e-01,-3.808118453450504703e-01,-2.937293417636332449e-01
-1.199999999999999956e+00,1.590322038025938078e-01,1.506179420444805905e-01,-8.929995123709978389e-01,-8.564686714242898680e-02,-1.557060195515668211e-01
-4.299999999999999933e-01,2.140267772601459340e-01,-3.340361749640715847e-03,-1.285865703444045993e-01,1.706342541606386543e-01,5.976030493176247467e-03
-9.200000000000000400e-01,2.607278986191455816e-01,-2.033241284079186084e-01,3.705046725447596612e-01,2.190435069242281652e-01,1.728488821700622236e-01
-6.600000000000000311e-01,2.966671587340641847e-01,1.173675525494530525e-01,2.359805793032600796e-01,1.527642583424566013e-02,3.240444925649715868e-01
-1.209999999999999964e+00,3.200841040731159381e-01,-1.421335364814878266e-01,-6.609885785865900198e-02,-2.642002199851892774e-01,4.453162953124582546e-01
-2.200000000000000011e-01,3.305070440628470885e-01,2.322723389853592058e-01,-1.069839815634900278e-02,-3.594824687879522029e-01,5.319878788743268583e-01
-4.299999999999999933e-01,3.288263655508928962e-01,-6.694208913641316872e-02,2.044989533981436125e-01,-1.216224976583087092e-01,5.830426065940819136e-01
-4.299999999999999933e-01,3.166587372920363630e-01,-1.739803622360680813e-01,7.293568993623043839e-02,3.748380904069358310e-01,5.962562974080829470e-01
-4.299999999999999933e-01,2.957443537613838602e-01,3.454533276997585611e-01,-2.894416691923530349e-01,8.262076649880719659e-01,5.700235792871937157e-01
3.300000000000000155e-01,2.677824394527336671e-01,-3.319821910053437075e-01,-3.817483746996940819e-01,9.024370184801997485e-01,5.070591687453209762e-01
-2.200000000000000011e-01,2.346030502162604892e-01,1.514213917721547176e-01,-4.317060570269235648e-02,4.849173714271410862e-01,4.168068749126648820e-01
-2.999999999999999889e-02,1.981122634137534311e-01,-1.868953391826730093e-01,5.133001640026551016e-01,-2.612011900721958879e-01,3.100030976710631547e-01
-9.200000000000000400e-01,1.599289300565986949e-01,4.227324209567342450e-01,8.034142131956173438e-01,-9.822498932731704713e-01,1.928477720915983962e-01
-2.999999999999999889e-02,1.208084786840779717e-01,-3.581377977181160466e-01,3.404259573047120346e-01,-1.327638080840968904e+00,6.651705997918165580e-02
-1.209999999999999964e+00,8.027403916379932669e-02,4.687473924448290648e-03,-5.994615877733489029e-01,-1.135519299904936830e+00,-6.604370842608371650e-02
-6.600000000000000311e-01,3.712777154693981674e-02,7.226448944833732679e-02,-1.013846959737479736e+00,-4.998631313107661511e-01,-1.935222325901116147e-01
-1.540000000000000036e+00,-9.721244061378003787e-03,2.190252650685034774e-01,-4.411540744585630835e-01,3.250796275412922709e-01,-3.005987300447244825e-01
-9.200000000000000400e-01,-6.041106092075024941e-02,-3.516569750697767227e-01,3.603937241723389473e-01,1.039351057070388107e+00,-3.760444290089827168e-01
6.400000000000000133e-01,-1.136998896523620239e-01,1.958475131407609593e-01,4.407225748721720904e-01,1.393039633350052986e+00,-4.157029803435895454e-01
1.070000000000000062e+00,-1.674859228227699726e-01,-2.114517938535507013e-01,-3.897215707318871930e-02,1.287610697402997717e+00,-4.174506046402650661e-01
1.679999999999999938e+00,-2.195258522944232571e-01,4.705549201371638790e-01,-1.930529033216686341e-01,7.732440484376554846e-01,-3.771406834647091921e-01
3.300000000000000155e-01,-2.678739875829016515e-01,-5.377293469914422586e-01,2.264091286407901027e-01,2.178766838994579055e-02,-2.899088028461982991e-01
1.499999999999999944e-01,-3.110183146902101847e-01,4.347391168974604758e-01,6.370363947314495734e-01,-7.041223835874693693e-01,-1.592832561793307289e-01
-4.299999999999999933e-01,-3.478296145042962806e-01,-4.671087076480491818e-01,4.875177899854741259e-01,-1.172704677051036093e+00,-6.161161292522041380e-03
4.899999999999999911e-01,-3.774837264076707499e-01,2.828845304364874247e-01,-1.792301707883882378e-01,-1.263529382388170141e+00,1.396465557077614938e-01
9.300000000000000488e-01,-3.997180505595561706e-01,1.967115569598420488e-01,-7.811127590843850443e-01,-9.898633871022797237e-01,2.536912514519901185e-01
4.899999999999999911e-01,-4.152075099485685317e-01,-2.847702334476671648e-01,-7.563568876076607328e-01,-4.888004294013151285e-01,3.213511536850554018e-01
-2.999999999999999889e-02,-4.251336371200070130e-01,1.823274996008663607e-01,-1.819839905854866158e-01,6.632234893252764163e-02,3.341809795297198127e-01
-4.299999999999999933e-01,-4.304573761943933374e-01,-3.556035248211591449e-01,3.600293055070472592e-01,5.451441369598069020e-01,2.853854229423669064e-01
7.900000000000000355e-01,-4.312665467274637288e-01,3.223395238767062798e-01,5.221830964794851315e-01,8.800188471679230018e-01,1.696774015338810004e-01
1.070000000000000062e+00,-4.263739249992770652e-01,-1.941722460644427772e-01,3.938375997939507211e-01,1.040857907939535254e+00,-5.788033572099081370e-03
9.300000000000000488e-01,-4.138824887090520876e-01,3.144193911662852003e-01,7.406615192887758270e-02,1.014335002070531289e+00,-2.118056733890811005e-01
3.300000000000000155e-01,-3.920073616730598842e-01,-1.170133157725710832e-01,-2.844281660759060970e-01,7.815050043445392891e-01,-4.086270401955413023e-01
1.449999999999999956e+00,-3.596689949879967041e-01,-1.956028437967397282e-01,-2.997133972395894519e-01,3.291064142523577596e-01,-5.625407858062055899e-01
2.209999999999999964e+00,-3.168468723850343394e-01,-2.784096249464589404e-03,1.391919786142913583e-02,-2.769217845001958334e-01,-6.516530278051757552e-01
2.500000000000000000e+00,-2.644381450358497254e-01,1.983657481808186532e-02,1.092500206069174362e-01,-9.091542306171985777e-01,-6.651407044648923739e-01
1.330000000000000071e+00,-2.040470909701589675e-01,4.034589083666582643e-01,-7.409725449804258068e-02,-1.385066388246573910e+00,-5.979717802020804163e-01
3.300000000000000155e-01,-1.379817119192919272e-01,-2.841002476440369073e-01,-2.749882342502134661e-02,-1.495482254943715228e+00,-4.481085580889166420e-01
-6.600000000000000311e-01,-6.916097553865176162e-02,-1.606748840375671061e-01,2.077975079579607587e-01,-1.153382096759029807e+00,-2.266002130962695704e-01
-9.200000000000000400e-01,-6.879716410285898051e-04,-1.022258585407159331e-01,1.275916358730843914e-01,-4.028395968941284599e-01,3.612895902331578202e-02
-2.200000000000000011e-01,6.453010311681257882e-02,4.572477929888568160e-01,-1.566469021331296785e-01,5.560300937241433594e-01,3.018468739550300706e-01
-2.200000000000000011e-01,1.242299368093587597e-01,-1.101532653244036569e-01,-1.576191954023037356e-01,1.375144748500670699e+00,5.365486015206942794e-01
4.899999999999999911e-01,1.771851345051876914e-01,-7.645087776969423932e-02,3.178282702294230738e-02,1.769696481147696066e+00,7.153288700017801371e-01
-2.999999999999999889e-02,2.226898921126983510e-01,-1.992133285202670190e-01,2.049412804413259549e-03,1.591535035032309198e+00,8.237861333074777415e-01
1.070000000000000062e+00,2.600185997918728065e-01,1.816413930846531299e-01,-2.119012642891325848e-01,8.973820402557837195e-01,8.540903436378919356e-01
1.330000000000000071e+00,2.882290847813906987e-01,-4.813248265562063144e-02,-2.132256255974408488e-01,-2.159223691745118870e-02,8.025956810587493440e-01
2.500000000000000000e+00,3.059373535379822373e-01,4.737068195575819957e-02,2.050913819281486861e-01,-8.436530842547033116e-01,6.769584827731074395e-01
2.009999999999999787e+00,3.116866011229064148e-01,1.280563853718816869e-01,6.732593400181392518e-01,-1.328151391918073410e+00,4.968803746398539056e-01
1.330000000000000071e+00,3.042813513913355528e-01,-2.275480661101653701e-01,5.255626668071030627e-01,-1.387073625126231669e+00,2.849028888608198806e-01
-4.299999999999999933e-01,2.827480455223614353e-01,1.784414698109288988e-01,-2.564580576185193084e-01,-1.122672181975492345e+00,6.229509850628735940e-02
-6.600000000000000311e-01,2.465242762581704161e-01,-3.218091424720002092e-01,-8.703840513346935426e-01,-6.966563513624376425e-01,-1.520571854913966570e-01
-4.400000000000000022e-01,1.957154220021635471e-01,3.789863720049542195e-01,-6.929282067981182847e-01,-2.357778392179798177e-01,-3.421745450614054329e-01
-2.200000000000000011e-01,1.313140454313570238e-01,-2.408072808585091096e-01,9.338780753001015011e-02,2.066949855463143526e-01,-4.940753128969386787e-01
-6.600000000000000311e-01,5.537858638466408578e-02,2.905458870585159170e-01,7.733041046691259135e-01,6.382016374800130176e-01,-5.977911481315903997e-01
-6.600000000000000311e-01,-2.918740775903522211e-02,-2.607801636664444644e-01,6.876393024169787926e-01,1.049730739182544559e+00,-6.523550826914567002e-01
-1.540000000000000036e+00,-1.193043931709419081e-01,7.124990987000567877e-02,-9.877778643286498628e-02,1.361224474704596288e+00,-6.624048417962247193e-01
3.300000000000000155e-01,-2.120133087911672543e-01,-2.480728384311001455e-01,-6.951016170646223680e-01,1.419977421230537606e+00,-6.308494270455253794e-01
9.300000000000000488e-01,-3.045014896597969534e-01,3.481704650055372774e-01,-3.883434713551712214e-01,1.096647217017596487e+00,-5.596005213638417519e-01
1.899999999999999911e+00,-3.942409814870608264e-01,1.757708888315474838e-02,3.506021387579285054e-01,3.851918493775596808e-01,-4.526130942440368954e-01
1.330000000000000071e+00,-4.786243435730305751e-01,-8.938959066799150033e-02,4.382696770404076458e-01,-5.605774194651416131e-01,-3.190574244399955184e-01
1.330000000000000071e+00,-5.550003789065389714e-01,-1.173637769569226275e-01,-2.041192825776803887e-01,-1.438576353101940875e+00,-1.731631795721147449e-01
4.899999999999999911e-01,-6.211430198578147266e-01,1.014222732862687382e-01,-4.568703720357497056e-01,-1.935787215330871947e+00,-2.732217306613803423e-02
-4.299999999999999933e-01,-6.751637593797547021e-01,-3.128335012178823371e-01,1.935252452423122382e-01,-1.871688204141339185e+00,1.137809142692874503e-01
-1.199999999999999956e+00,-7.156203429537857374e-01,6.392487008749796473e-01,7.525064912127273908e-01,-1.243790160401921252e+00,2.486877731607884667e-01
-1.530000000000000027e+00,-7.414752101505631687e-01,-3.971724431058608062e-01,3.120910596693269312e-01,-2.491659238887784233e-01,3.715486808568845833e-01
-4.299999999999999933e-01,-7.516882122588298687e-01,9.029118444868634852e-02,-5.757991574892117326e-01,7.966034337181573388e-01,4.713822303274249892e-01
3.300000000000000155e-01,-7.454098855058012285e-01,-2.354651112966121840e-01,-8.612924774623230695e-01,1.583591965622511255e+00,5.356621536520215221e-01
1.070000000000000062e+00,-7.224973641657145285e-01,3.310163743295059802e-01,-3.650081899077944891e-01,1.868137647687033720e+00,5.581494214253661656e-01
1.330000000000000071e+00,-6.837104573984494893e-01,-1.224402372828259228e-01,3.410474924138227060e-01,1.570180527400629078e+00,5.429813424089491303e-01
1.070000000000000062e+00,-6.306338461594863665e-01,-3.224833679222471189e-02,6.728249131154492302e-01,8.096797841276999197e-01,4.967479805455120578e-01
9.300000000000000488e-01,-5.652538448085706602e-01,-4.228982478742900758e-02,4.169186687454133899e-01,-1.452597371108220736e-01,4.201528970420653208e-01
6.400000000000000133e-01,-4.892092632766576465e-01,-1.339873448927086236e-02,-1.357612715974418627e-01,-9.457517455425108466e-01,3.105622485264887267e-01
-2.999999999999999889e-02,-4.038902956285328472e-01,2.414994486851567979e-01,-4.124359651559859063e-01,-1.324185289017639544e+00,1.690247991927364413e-01
-9.200000000000000400e-01,-3.111032660321980114e-01,-1.881588801293397895e-01,-1.505734188921335759e-01,-1.209689966554109208e+00,6.559113912895658469e-03
-2.439999999999999947e+00,-2.131974030654704699e-01,1.846141465704146875e-02,3.100679750079712860e-01,-7.281447689560658354e-01,-1.543782798444077731e-01
-9.200000000000000400e-01,-1.132275066070234232e-01,-1.663073185251685501e-02,4.176340598796619563e-01,-1.393175338227889970e-01,-2.910657620263941703e-01
-4.400000000000000022e-01,-1.451276969074580259e-02,-5.617631637248384630e-02,-1.462711058438470949e-02,3.208143973826392270e-01,-3.925335764406400751e-01
9.300000000000000488e-01,8.015549180336198343e-02,1.033154299298887496e-01,-6.072516077749029462e-01,5.438096956736561127e-01,-4.562408631475198817e-01
1.199999999999999956e+00,1.683497536404466310e-01,4.857039155769397182e-02,-6.843207750508016884e-01,5.509493836806685918e-01,-4.801189083383793910e-01
1.330000000000000071e+00,2.478929018921349481e-01,-1.820366754481183430e-02,-5.067288639390762212e-03,4.443194220209197853e-01,-4.602447499233765504e-01
7.900000000000000355e-01,3.169118284435293864e-01,-1.168557992398889384e-01,7.225749700641909135e-01,3.142963192799967387e-01,-3.913124491075788414e-01
6.400000000000000133e-01,3.736675453694808247e-01,-2.561481895424058686e-01,6.410451067234187450e-01,1.958624533149371238e-01,-2.770193152656395541e-01
3.300000000000000155e-01,4.168960503997860556e-01,6.781420495728176512e-01,-1.081183441318498556e-01,8.087443280413388058e-02,-1.393490454005348878e-01
6.400000000000000133e-01,4.463793984367129264e-01,-4.542767698030540369e-01,-6.646642492618469733e-01,-5.339350356701794142e-02,-7.965538308687866373e-03
3.300000000000000155e-01,4.627921972295058195e-01,1.614264390042784714e-01,-4.483133503863361291e-01,-2.131992656220213500e-01,9.623113005939291920e-02
1.499999999999999944e-01,4.672463735469970514e-01,-1.456808797711130754e-01,3.302001445970772497e-01,-3.755521538138866244e-01,1.656676622278737687e-01
-4.299999999999999933e-01,4.609057896111647956e-01,9.924207564282500060e-02,7.800500235547769279e-01,-4.957800361153876234e-01,2.041557081143592911e-01
-9.200000000000000400e-01,4.442959580616531179e-01,-8.954159277312878640e-02,3.677117155086833677e-01,-5.122634413375529716e-01,2.183259789561964592e-01
1.499999999999999944e-01,4.175647839923991023e-01,9.744076502026867426e-02,-3.035414671951098264e-01,-3.679190036769725003e-01,2.062401838887513439e-01
-4.400000000000000022e-01,3.813891519091254234e-01,-7.070818580919165097e-02,-4.964361639364055501e-01,-5.821915786228180900e-02,1.660301863867539862e-01
3.300000000000000155e-01,3.370611869301637364e-01,1.394964540107038187e-01,-3.620530676798036085e-01,3.494342283787988390e-01,1.093324490369355778e-01
3.300000000000000155e-01,2.864964036679619741e-01,-1.365556959982346386e-01,-2.943544380739161470e-01,7.045954299342931382e-01,5.639775626508059664e-02
2.009999999999999787e+00,2.319034448366141532e-01,6.846934796218336061e-02,-1.813631762746782117e-01,8.307968980829115724e-01,2.501608017159167793e-02
1.790000000000000036e+00,1.752434304401580822e-01,-1.320047619299861974e-01,2.106690749516733907e-01,6.433369060493406844e-01,2.050994482796564961e-02
1.330000000000000071e+00,1.185821493485248040e-01,2.511219905664809765e-02,6.455340620774030480e-01,1.943984679544347449e-01,2.941400072755817607e-02
-6.600000000000000311e-01,6.432397912218128233e-02,3.836221338202955855e-01,6.349782589578865100e-01,-3.259785203971835577e-01,3.145132669876421483e-02
-9.200000000000000400e-01,1.476499372709784604e-02,-5.378636832174342741e-01,1.436631389408597470e-01,-6.839509229949325420e-01,1.943741675555510709e-02
-1.540000000000000036e+00,-2.825163541395766045e-02,2.563353569823607625e-01,-3.453826394653055631e-01,-7.518373891186701519e-01,-2.726267675963697443e-03
-1.199999999999999956e+00,-6.369373168218814274e-02,-1.937486157626985006e-01,-4.536464872152035088e-01,-5.524762752040673908e-01,-3.032416856684551354e-02
-9.200000000000000400e-01,-9.173115347996629865e-02,4.856246492594725739e-01,-2.176417799901788908e-01,-2.283844807013717670e-01,-6.131258018803686927e-02
-9.200000000000000400e-01,-1.132533224921268011e-01,-3.793430798137552573e-01,4.744928106015228880e-02,5.314665044566567464e-02,-9.823499303429547580e-02
-6.600000000000000311e-01,-1.293464063362117222e-01,5.659390213312773948e-02,-2.449242026521822671e-02,2.100836334369486635e-01,-1.397287915141484926e-01
-6.600000000000000311e-01,-1.413180678258116607e-01,-2.572167910369417831e-01,-3.627643245957707374e-01,2.662379323301270473e-01,-1.704246534519977263e-01
-2.200000000000000011e-01,-1.501916497232674008e-01,4.566292573742404826e-01,-3.007346939367943617e-01,2.975687703992167532e-01,-1.700877381517518494e-01
-9.200000000000000400e-01,-1.566350396752876351e-01,-2.388469658130493167e-01,4.000943850275243130e-01,3.629834640615675623e-01,-1.305506563901965289e-01
-4.299999999999999933e-01,-1.613572416414406352e-01,1.058633840758377576e-01,8.993133127755648104e-01,4.533328764686287982e-01,-5.909418989157477070e-02
-9.200000000000000400e-01,-1.648509274101996602e-01,-5.614827319014534940e-02,5.350126736942875105e-01,4.876253851232300041e-01,2.493521648295020030e-02
-2.200000000000000011e-01,-1.674083437491726556e-01,-8.302905671023795564e-02,-2.117342046094195240e-01,3.701686269758853731e-01,9.934606786433033965e-02
-9.200000000000000400e-01,-1.693919538880532816e-01,9.189383126895774023e-02,-6.413793466855193248e-01,5.621159859783687873e-02,1.520512026343852907e-01
-2.999999999999999889e-02,-1.712455310972515188e-01,-2.005527768685410467e-02,-6.019351288349368279e-01,-4.022833101631078656e-01,1.791054829735420073e-01
-6.600000000000000311e-01,-1.738381893300187109e-01,1.133803477607566168e-01,-2.186386750653499522e-01,-8.505984432346940238e-01,1.769417667521651083e-01
-4.299999999999999933e-01,-1.786011114844204828e-01,-2.945883969385424961e-01,2.541641515472221058e-01,-1.093408984594133937e+00,1.437801784108942160e-01
-1.199999999999999956e+00,-1.867864860239725477e-01,3.243582075122655173e-01,4.817587507736383889e-01,-9.907908568311916131e-01,8.370117236566143593e-02
1.499999999999999944e-01,-1.990132099027755452e-01,-2.444562780731664442e-01,3.156681389215307831e-01,-5.401330924053302507e-01,9.098717077053727204e-03
4.899999999999999911e-01,-2.153004248318290681e-01,2.518748230175857916e-01,-9.823119144700720451e-02,1.165222899526198314e-01,-5.788153240435751218e-02
6.400000000000000133e-01,-2.349330468198097543e-01,-3.657601602597819745e-01,-3.909868757436456566e-01,7.576813027683896307e-01,-9.366434092242567622e-02
1.199999999999999956e+00,-2.568527775848369332e-01,4.609937971394605927e-01,-2.486478586348426778e-01,1.179119022771641268e+00,-8.777268228234384739e-02
1.330000000000000071e+00,-2.797474693143584545e-01,-3.551087661729584455e-01,1.087846437291713625e-01,1.277675045890428240e+00,-4.537473337083487018e-02
1.679999999999999938e+00,-3.014675044315529018e-01,1.565713492481480007e-01,1.599133970689080864e-01,1.050593489680944126e+00,1.740847782100503685e-02
9.300000000000000488e-01,-3.194671374469559844e-01,-2.836059818665027654e-01,6.316641203148429078e-03,5.649180311414955247e-01,7.935392249098284501e-02
6.400000000000000133e-01,-3.315893340084511420e-01,5.446670014628333112e-01,1.839856549438283195e-01,-5.923917225321699564e-02,1.232048208285949908e-01
-2.999999999999999889e-02,-3.364049331435093881e-01,-3.422989516465642645e-01,5.022654041431274807e-01,-6.798883394857830886e-01,1.384867114369484065e-01
-4.299999999999999933e-01,-3.336627684730587018e-01,-1.000983720475548955e-01,2.263178591971145570e-01,-1.138693117872795257e+00,1.172024081020182490e-01
-1.199999999999999956e+00,-3.240378142011711704e-01,1.879968914144663494e-01,-5.767556896146509571e-01,-1.293649277656700791e+00,5.523609437204298617e-02
-4.299999999999999933e-01,-3.081942645284206361e-01,-4.278963836411674160e-02,-9.377889125364411438e-01,-1.104948591301559979e+00,-3.962569325392314989e-02
-2.200000000000000011e-01,-2.865406245576548883e-01,8.517865082094963625e-02,-3.813657145101362889e-01,-6.477416928714592181e-01,-1.469266092276385882e-01
4.899999999999999911e-01,-2.593276981071694909e-01,-2.360864710523103704e-01,4.310749873678806354e-01,-7.258506300276786061e-02,-2.384564930250639425e-01
-2.200000000000000011e-01,-2.266716639752123230e-01,2.082845413067317963e-01,7.170882461265353225e-01,4.495821057050164438e-01,-2.860927210621204142e-01
3.300000000000000155e-01,-1.890908453524255683e-01,-4.317789252700510866e-02,4.379460290346557372e-01,8.277454717748544688e-01,-2.760460551827509934e-01
1.499999999999999944e-01,-1.474013329301691877e-01,-1.069884611941543384e-02,-7.859976112976625739e-03,1.046059434801828170e+00,-2.140596959724488935e-01
6.400000000000000133e-01,-1.020006584532380245e-01,-1.862611303535364748e-01,-2.567149943244477206e-01,1.085348189009145425e+00,-1.158222094554827580e-01
-4.400000000000000022e-01,-5.301388989937187712e-02,3.442419432364055010e-01,-2.184138501850592662e-01,9.184033852183236535e-01,-4.022505067297212729e-04
-1.540000000000000036e+00,-6.047823981402422350e-04,-1.721640172113637901e-01,-1.287785510745080575e-01,5.073584204627513694e-01,1.087783658456016739e-01
-1.929999999999999938e+00,5.446916135411818821e-02,9.684690605193342627e-02,-1.272565098392353100e-01,-1.308244353379379721e-01,1.877266917451123063e-01
-1.929999999999999938e+00,1.099686084034190853e-01,-3.473057420510712312e-01,-4.446228266030532311e-02,-8.285001982442986579e-01,2.172649955455332738e-01
-6.600000000000000311e-01,1.627568695539244326e-01,3.628077644967934723e-01,1.394657318919257372e-01,-1.327047667775580919e+00,1.873698834124444546e-01
-2.999999999999999889e-02,2.102003927991069887e-01,-1.337363948459400209e-01,1.919721216771101691e-01,-1.394369770889075211e+00,1.077911102307436420e-01
9.300000000000000488e-01,2.506694384349050231e-01,2.321934246973009763e-01,9.759943407343729671e-02,-9.437220531116305988e-01,8.277368665974484119e-03
4.899999999999999911e-01,2.836541534928380126e-01,-3.455944510986138085e-01,2.080617646079488403e-02,-1.277346404582164752e-01,-7.868066342108279154e-02
1.499999999999999944e-01,3.093794158097403213e-01,3.981159631286843026e-02,-1.051046410990885971e-01,7.312143798510694070e-01,-1.279931000594566604e-01
7.900000000000000355e-01,3.278306731905217819e-01,1.371950840805899741e-01,-3.053695284271562560e-01,1.300534733194860681e+00,-1.223014465294536141e-01
7.900000000000000355e-01,3.389483304413187237e-01,-7.644847624153670862e-02,-2.155813653007433717e-01,1.366970500028242608e+00,-5.580635769804607321e-02
6.400000000000000133e-01,3.434540663126836590e-01,1.667535286293593821e-01,2.266837374460066445e-01,9.281089683770940013e-01,6.415715757956373666e-02
-9.200000000000000400e-01,3.427389492895343004e-01,-1.789621597692272470e-01,3.988856954689674050e-01,1.693700579323151600e-01,2.175318956126207903e-01
-9.200000000000000400e-01,3.386143241221456490e-01,1.776897963219253307e-01,8.018367767206208141e-02,-6.339387048433098304e-01,3.677301562600217566e-01
-1.929999999999999938e+00,3.324941812993594814e-01,-3.103016651613910160e-01,-1.282869129717298384e-01,-1.201440882120844655e+00,4.700434228657625058e-01
-3.220000000000000195e+00,3.241891123827730370e-01,6.827756296646514400e-02,9.863275602705620995e-03,-1.345826501023706934e+00,4.931799111526830592e-01
-2.439999999999999947e+00,3.122932562748059748e-01,3.133599355772232475e-01,4.572443784100904685e-02,-1.015860453076949721e+00,4.272836640083643722e-01
-1.530000000000000027e+00,2.952832874023079146e-01,-1.583626682563250010e-01,-1.490600198499046347e-01,-3.146608614990565322e-01,2.796431182829348661e-01
-4.299999999999999933e-01,2.722979555644132188e-01,-4.940427621373709444e-02,-2.273518069437605593e-01,5.032897942542673420e-01,7.151167331516898595e-02
1.499999999999999944e-01,2.438626802781058978e-01,-2.466101064054345704e-01,-1.197152800941997663e-01,1.140973958930778576e+00,-1.671701114841802616e-01
6.400000000000000133e-01,2.113790027059072596e-01,5.672752847762038142e-01,-5.620754460120533369e-02,1.357045696022910475e+00,-3.999430805767199559e-01
3.300000000000000155e-01,1.758827884273687636e-01,-3.464025317585173180e-01,1.607513979401732629e-02,1.076352367289475920e+00,-5.830986232438100103e-01
1.499999999999999944e-01,1.381313147113258089e-01,-2.543863205473696487e-01,2.684984051696781004e-01,4.508613897985314090e-01,-6.778911214317926426e-01
1.499999999999999944e-01,9.911545489758433192e-02,4.646754333293931505e-01,4.140075390051524140e-01,-2.499495124643768273e-01,-6.689304383929853826e-01
1.199999999999999956e+00,6.010752826307403512e-02,-1.085142013492238766e-01,1.114872937934827946e-01,-7.576247233952355664e-01,-5.676493302179903555e-01
1.330000000000000071e+00,2.285569650521366084e-02,-7.558908575811976172e-02,-2.949205407613815777e-01,-9.321533507631227788e-01,-4.028681523994019908e-01
6.400000000000000133e-01,-1.130947289375852476e-02,-5.089214386371675169e-02,-2.322998675290557646e-01,-8.205945047026577122e-01,-2.092980337395339563e-01
-6.600000000000000311e-01,-4.285116533601195793e-02,1.371152266339773218e-01,1.648032472272981663e-01,-5.620627816237412366e-01,-1.770584795076837747e-02
-1.929999999999999938e+00,-7.359387904906231070e-02,-1.351939154239206742e-01,2.230771061791748389e-01,-2.931016371013163146e-01,1.460110713824583906e-01
-1.540000000000000036e+00,-1.057689394979225705e-01,-1.256886393121759045e-02,-2.490709093747656144e-01,-6.251450080247894503e-02,2.573409352478530643e-01
-1.209999999999999964e+00,-1.410891124047917167e-01,1.722530677410480469e-03,-6.189467963042390997e-01,1.679235252129269163e-01,3.002063017543929457e-01
-2.999999999999999889e-02,-1.795200402549330665e-01,2.755023602882757383e-01,-3.169476729231631151e-01,4.376457260759541446e-01,2.770683173449808301e-01
3.300000000000000155e-01,-2.196058139294715661e-01,-1.773600606141656211e-01,3.688680185321693838e-01,7.292143138744391351e-01,2.088912896685977405e-01
4.899999999999999911e-01,-2.595559141210241338e-01,-7.665009880897637184e-02,7.507452931368845395e-01,9.257678307591118427e-01,1.257913262059655868e-01
4.899999999999999911e-01,-2.975028860553856624e-01,-5.030584179529522248e-02,5.426963788464507221e-01,8.779067718700230838e-01,5.441741267611097804e-02
1.499999999999999944e-01,-3.317470695286453553e-01,-1.084747094593248307e-02,-7.529033375520789717e-02,5.126564514364518876e-01,9.029834731411372911e-03
3.300000000000000155e-01,-3.607935567573697933e-01,2.756228742229518414e-01,-6.394722961482383061e-01,-1.132000337214711660e-01,-8.350399322210958972e-03
-2.999999999999999889e-02,-3.830706503926282203e-01,-2.092354204305951482e-01,-5.768177743536644364e-01,-7.811434503015127762e-01,-5.828093389884706453e-04
-2.999999999999999889e-02,-3.977628752445433458e-01,1.387989077843428398e-01,1.190058753842918454e-01,-1.212769669765419112e+00,2.661099480812293208e-02
-2.200000000000000011e-01,-4.057866413296208341e-01,-1.682346724902693269e-01,5.749338604274486508e-01,-1.221302954619458037e+00,6.267670562008464952e-02
-2.999999999999999889e-02,-4.093474581158535464e-01,4.474890896787291766e-02,2.183445309220923558e-01,-7.884705563805232131e-01,9.444451720314994692e-02
-2.200000000000000011e-01,-4.113322641887630637e-01,3.790521308204368445e-02,-2.971163410645624170e-01,-1.012663915661038555e-01,1.097218894010342505e-01
-4.299999999999999933e-01,-4.142363089264045062e-01,-5.745195958860733337e-02,-3.193275818533046206e-01,5.452451515805646354e-01,1.014384886901704141e-01
4.899999999999999911e-01,-4.187319206659006476e-01,1.416539963078241315e-01,-2.293520568922445269e-01,9.127736011972965580e-01,7.138928066179452137e-02
1.790000000000000036e+00,-4.240838849090164397e-01,-1.619936157038533442e-01,-2.223447054313058835e-01,9.057703219431015862e-01,3.099686154706286431e-02
1.899999999999999911e+00,-4.288855445753985141e-01,7.309797542771104273e-02,1.844176350608219550e-01,6.035536044358835728e-01,-4.904105687663900398e-03
1.570000000000000062e+00,-4.312507919740866114e-01,-2.075161562374548685e-02,7.287049756660642919e-01,1.962701095864324286e-01,-2.432714604742929748e-02
7.900000000000000355e-01,-4.296857264688698219e-01,1.216620054428907555e-01,5.856970766024458541e-01,-1.435054142911525166e-01,-2.088687136753923645e-02
1.070000000000000062e+00,-4.232820644642181218e-01,-1.700425077831219101e-01,-8.415659509826282914e-02,-3.253311731180008604e-01,1.748050743746758749e-03
7.900000000000000355e-01,-4.115120693887437953e-01,-1.156262901217030015e-01,-5.485600283176040870e-01,-3.557273923285510508e-01,3.297229311155886605e-02
1.499999999999999944e-01,-3.948579205405811643e-01,2.759754842622838544e-01,-6.251382235864840764e-01,-3.101804221816471530e-01,6.323879797635595379e-02
-9.200000000000000400e-01,-3.750748614874300779e-01,1.052183649458515863e-01,-3.581230375142646083e-01,-2.558440557721244901e-01,8.637195218934329288e-02
-2.439999999999999947e+00,-3.545992954901729943e-01,-2.817994294143881251e-01,2.645136434516938140e-01,-2.122178374794048972e-01,9.684283695994935770e-02
-2.200000000000000011e-01,-3.360206913267401174e-01,-2.924460173366041221e-02,8.097051858726809215e-01,-1.594646054241360966e-01,8.878646489353396454e-02
6.400000000000000133e-01,-3.210883518798267611e-01,-2.212808552566376125e-02,6.013230655964755256e-01,-5.180259734973866742e-02,5.828252576873450136e-02
1.449999999999999956e+00,-3.096123685850077911e-01,3.137485080074853272e-01,-3.009435795239990274e-01,1.314744885629367255e-01,7.548005730508947596e-03
9.300000000000000488e-01,-2.999448975933971528e-01,-1.140569057291392213e-01,-9.735904291380744757e-01,3.499886950770891292e-01,-4.813249709821725703e-02
-2.999999999999999889e-02,-2.895463581008336784e-01,-2.585654856534430612e-02,-7.039433463738142827e-01,5.296152582405695419e-01,-8.657113279007927487e-02
-9.200000000000000400e-01,-2.754094892603294320e-01,-1.797952574927581537e-01,2.013124634072400165e-01,5.786808191690687719e-01,-9.452509333503610056e-02
-2.200000000000000011e-01,-2.550805690882227972e-01,-2.410431390204022251e-01,8.480903400959277638e-01,4.346484536231408624e-01,-7.414747435246447915e-02
6.400000000000000133e-01,-2.266941103644308231e-01,8.640762111572234394e-01,7.384146140428003990e-01,1.183982022415950158e-01,-3.826617606873763261e-02
4.899999999999999911e-01,-1.892180903806700565e-01,-5.053253314623528114e-01,1.289261956774636342e-01,-2.893381579256075198e-01,6.807048082406165447e-05
-4.299999999999999933e-01,-1.432936870042417488e-01,2.476684462845051005e-02,-4.126428694656651963e-01,-6.582832765273406439e-01,3.376526859262933555e-02
-9.200000000000000400e-01,-9.095146341489117325e-02,-7.776571088076320026e-02,-5.368410107153823718e-01,-8.483016399489007320e-01,5.772634672754166363e-02
1.499999999999999944e-01,-3.498400094179793945e-02,-1.622700754986147742e-02,-2.814691527291501294e-01,-7.860656057770365468e-01,5.962177313673281548e-02
7.900000000000000355e-01,2.168114562900614814e-02,-5.702844518191388379e-02,5.563676551944709420e-02,-4.737758622585802049e-01,2.382562107701183263e-02
7.900000000000000355e-01,7.708450123814440669e-02,3.307837148559157336e-01,1.991529734051581124e-01,-1.070598875815740323e-03,-5.259416120141087447e-02
1.499999999999999944e-01,1.307982921196560455e-01,9.788161596494579508e-03,1.410730861929642699e-01,4.744909692815858504e-01,-1.518976706015860711e-01
-6.600000000000000311e-01,1.832805755730689823e-01,-2.595192461931075667e-01,5.821148925411584463e-02,8.036070644976813782e-01,-2.423370513181929975e-01
-4.400000000000000022e-01,2.354556274347519296e-01,-1.693686154734351523e-01,-3.035108592700213812e-02,8.821554316584641064e-01,-2.957801755512873831e-01
-2.999999999999999889e-02,2.883660972083774698e-01,1.342747093977846307e-01,-2.005893441334948568e-01,6.806944072715730432e-01,-3.009927741421925540e-01
7.900000000000000355e-01,3.423197676295194891e-01,3.561261773755897697e-01,-1.934646572303517220e-01,2.592041449591984681e-01,-2.605506366514157013e-01
6.400000000000000133e-01,3.969989650618194199e-01,-1.907178188381792872e-01,2.410116004946961377e-01,-2.620713589553858580e-01,-1.788867796418839029e-01
1.499999999999999944e-01,4.513032756427765579e-01,-1.174907142442631336e-01,5.892441136193493634e-01,-7.246191680059397289e-01,-5.913414587920640120e-02
-4.299999999999999933e-01,5.027754064431042558e-01,-3.761315530940227692e-02,2.022534719801667158e-01,-9.618406568497370746e-01,8.672356607079301227e-02
-9.200000000000000400e-01,5.479813447377283042e-01,-8.422039641212939604e-03,-4.831170420891222061e-01,-8.636274701891561989e-01,2.299499572485508569e-01
-9.200000000000000400e-01,5.829624365537185993e-01,1.784878972223539195e-01,-5.189071166707754923e-01,-4.290900408695706436e-01,3.323568063726022315e-01
-6.600000000000000311e-01,6.041965592601578061e-01,-5.942386447970308266e-02,6.413573308147449414e-02,2.092003341495540791e-01,3.648794827580186251e-01
-4.299999999999999933e-01,6.098857316679748841e-01,8.207163713233750491e-02,3.741739045312990064e-01,8.131584458732802334e-01,3.226911188747679238e-01
1.499999999999999944e-01,6.002141853565057250e-01,-1.796610671353263411e-01,-5.254164194946545074e-02,1.149134717135826600e+00,2.235737552162964936e-01
-4.299999999999999933e-01,5.767446202113618581e-01,2.959466923017086901e-02,-6.394589479593291159e-01,1.100549609399172013e+00,9.280940279847049723e-02
-4.299999999999999933e-01,5.417335238194801450e-01,4.880685018376588330e-02,-3.754522878389708329e-01,7.117930987958535072e-01,-4.867635687833715696e-02
-1.540000000000000036e+00,4.974214395895404373e-01,-1.515090397200247879e-02,7.222439912620501890e-01,1.506376619523980831e-01,-1.815205495275305780e-01
-1.540000000000000036e+00,4.455559935782629211e-01,3.752808999217717434e-02,1.239323889249078547e+00,-3.966923660850967814e-01,-2.808683940140931923e-01
-6.600000000000000311e-01,3.877480334053085009e-01,-2.655629413804648856e-02,3.782888199610392466e-01,-8.215895309137482005e-01,-3.210611788509312170e-01
-2.200000000000000011e-01,3.252572027150250622e-01,-2.745697464738192442e-02,-8.436928312872736813e-01,-1.091762382374287688e+00,-2.872186232898698011e-01
3.300000000000000155e-01,2.584568396882577224e-01,1.319659001392503861e-01,-1.203373516028801715e+00,-1.190437881752608451e+00,-1.861640994657385029e-01
1.499999999999999944e-01,1.871741567220229496e-01,-2.035969979653501072e-01,-5.276774757355645606e-01,-1.083661337871503205e+00,-4.657523555662037434e-02
4.899999999999999911e-01,1.108553639872409263e-01,2.240599842920378559e-01,5.755782418264298039e-01,-7.118893607313284688e-01,9.690550798078932659e-02
4.899999999999999911e-01,2.922477937322133859e-02,-3.311119760057490979e-01,1.042369495138834257e+00,-7.565018086956758203e-02,2.188976831406459767e-01
6.400000000000000133e-01,-5.666568299410985887e-02,2.159771235121142885e-01,3.066278675822312061e-01,6.742030973568717833e-01,3.042330693049050683e-01
9.300000000000000488e-01,-1.443091547985568823e-01,1.569895565864204978e-01,-6.872984251272001854e-01,1.295992919625928108e+00,3.428014885933428069e-01
1.199999999999999956e+00,-2.302623113400862898e-01,-1.995434345416144672e-01,-6.081528092717928269e-01,1.546439503209495969e+00,3.297374009123718031e-01
1.449999999999999956e+00,-3.109771001528396361e-01,3.474950972778442781e-02,3.319800334273689257e-01,1.322300422258751995e+00,2.664012704360713135e-01
6.400000000000000133e-01,-3.836155556496920194e-01,-1.081092034517633499e-01,7.456264168790378566e-01,7.572990198305107334e-01,1.643628670605139230e-01
1.499999999999999944e-01,-4.464570011669046212e-01,1.940282894444020634e-01,1.126603758570246250e-01,1.042854883690223083e-01,4.675636243792924418e-02
-4.400000000000000022e-01,-4.984917813254517438e-01,-1.039098259902934279e-01,-6.662305598694934217e-01,-4.024500959157118474e-01,-6.354299265411059161e-02
3.300000000000000155e-01,-5.391294129079038377e-01,-1.413666975832410765e-02,-6.697738056159625586e-01,-6.673895711959598742e-01,-1.526800194367874675e-01
7.900000000000000355e-01,-5.682922420127897167e-01,2.270020044945006421e-02,2.223202307256945051e-02,-7.737828815900561485e-01,-2.144302126226596272e-01
6.099999999999999867e-01,-5.863287932799690072e-01,4.217366815489247134e-02,6.692694921810521391e-01,-8.403665474676818015e-01,-2.483465970344906348e-01
6.899999999999999467e-01,-5.942158876350051022e-01,6.960326701374676406e-02,6.666760284579318352e-01,-8.984897762207110228e-01,-2.583307369109432150e-01
6.800000000000000488e-01,-5.931341157161533761e-01,-2.143005868124180369e-01,6.451641721979126110e-02,-8.583637599848094046e-01,-2.481732014962205746e-01
1.179999999999999938e+00,-5.836688865911914270e-01,8.091218577399138245e-02,-5.313837315679404982e-01,-5.811606395720605445e-01,-2.215875181663111149e-01
1.750000000000000000e+00,-5.657253370184850416e-01,-7.509091919604206355e-02,-6.151820377038346166e-01,-3.736491258410003929e-02,-1.833767748233255945e-01
1.790000000000000036e+00,-5.386856673357562908e-01,2.988665839402995239e-01,-2.352842651262305185e-01,6.229342446982023551e-01,-1.339644738352570308e-01
1.489999999999999991e+00,-5.018710579153374818e-01,-1.434272868532085743e-01,2.241543072248897150e-01,1.126315736485590691e+00,-7.187829392239628024e-02
8.299999999999999600e-01,-4.551935221536954623e-01,-1.784413618849363115e-01,4.725317467912193425e-01,1.237173283167074089e+00,-1.819277436763082735e-04
