Original Signal,Approximation,D 1,D 2,D 3
-2.899999999999999800e-01,6.638412365752912603e-01,-2.603320709428682544e-01,-1.250636126764623768e-01,6.045298748580369974e-01
-4.400000000000000022e-01,6.553331439938422376e-01,-7.793463193837661673e-02,-3.417844982004931143e-01,1.522186927747581631e-01
-5.999999999999999778e-02,6.284872374842386256e-01,2.910849524985947151e-02,-1.820957043281241083e-01,-3.381922820879218472e-01
1.199999999999999956e-01,5.842218580841230802e-01,3.134682803140688145e-01,1.711972716080678303e-01,-7.276739494410483511e-01
5.600000000000000533e-01,5.265716724142495142e-01,-2.076621129536710131e-01,2.613230769634646844e-01,-9.090923932146822706e-01
1.110000000000000098e+00,4.594259767611681977e-01,-3.824651291205845016e-01,5.178696882682621433e-02,-8.326706817071102273e-01
1.129999999999999893e+00,3.879468545923284717e-01,6.482945342121597676e-01,-1.135649197150264272e-01,-5.167723223671233379e-01
1.429999999999999938e+00,3.163700271863248425e-01,-2.334522429588973547e-01,-1.446878914616301914e-01,-4.670653866177514740e-02
1.250000000000000000e+00,2.499123295986400151e-01,-2.392494007995027983e-01,-1.467179401451566556e-01,4.471655721762934355e-01
-5.999999999999999778e-02,1.925621864157123775e-01,1.514795164762110236e-01,-2.520843044358753865e-02,8.202764502346482356e-01
-9.200000000000000400e-01,1.474211080422569708e-01,3.287743736205795408e-01,2.480081561159974968e-01,9.558571713562458161e-01
5.999999999999999778e-02,1.162253887727721507e-01,-6.064191261067906069e-01,3.637118742815552142e-01,8.048278329601551428e-01
-6.700000000000000400e-01,9.984067916259395381e-02,4.087413427197409965e-01,9.276450746020747928e-02,4.047382445834332154e-01
-2.000000000000000111e-01,9.818810995501772720e-02,-3.938474046099577769e-02,-3.636638063760714301e-01,-1.230201807515632489e-01
-2.899999999999999800e-01,1.098823951367515900e-01,2.046754136387499493e-02,-5.710839626194973428e-01,-6.117729019772976118e-01
3.800000000000000044e-01,1.332079890837429559e-01,-4.367841244966217951e-01,-2.223132544947180878e-01,-9.052733781342071628e-01
3.800000000000000044e-01,1.656982389288182700e-01,7.162301581794574545e-01,4.832253744775089621e-01,-9.111119106425298320e-01
1.169999999999999929e+00,2.046463200003237060e-01,-3.593915416058813261e-01,7.874781331714958421e-01,-6.364920980532901007e-01
1.620000000000000107e+00,2.468375477856705746e-01,-3.015912691844704896e-01,2.064206205474120315e-01,-1.810596084298258801e-01
1.689999999999999947e+00,2.897059323363737060e-01,5.789500536273167741e-01,-6.417140622394319482e-01,3.007534008735045505e-01
7.900000000000000355e-01,3.310441600982805266e-01,-3.845109432083075318e-01,-7.156396246008566164e-01,6.568818280727952708e-01
1.199999999999999956e-01,3.686817985929650709e-01,1.805796492090782912e-01,2.015706516386496505e-02,7.921334290572876746e-01
-5.100000000000000089e-01,4.006662092534077901e-01,-1.505630291174172020e-01,5.900824589786065610e-01,6.914488673287663145e-01
2.399999999999999911e-01,4.258208236835765437e-01,1.213484154512157048e-01,3.928793444984370886e-01,4.149539554633790428e-01
1.400000000000000133e-01,4.439805667849391901e-01,-1.026918837248328720e-01,-1.484551564001543034e-01,6.444077142879074682e-02
-6.700000000000000400e-01,4.550668456404067252e-01,2.860026311024388979e-01,-3.823988685928418896e-01,-2.585641650445395512e-01
-9.200000000000000400e-01,4.594569206735042433e-01,-5.397155723045200526e-01,-2.126980618320970240e-01,-4.814821883295453131e-01
-6.700000000000000400e-01,4.580235018309167239e-01,4.957406031980647332e-01,9.444661958835189053e-02,-5.739357383362410081e-01
-5.999999999999999778e-02,4.522399041095511163e-01,-1.677299043173811899e-01,3.411858313281186939e-01,-5.393788082237878090e-01
1.050000000000000044e+00,4.435958955441156037e-01,-3.035847616124222673e-02,3.460521743132589090e-01,-4.000081777882441569e-01
1.189999999999999947e+00,4.336576233711830208e-01,-4.974737847261839763e-02,-6.163416965397584824e-02,-1.859711205281967816e-01
1.250000000000000000e+00,4.239878820877361898e-01,1.366525989180604472e-01,-5.967845585837734390e-01,6.937658164488749724e-02
8.900000000000000133e-01,4.155209459918098314e-01,-8.267296422987664706e-02,-5.508270144051728989e-01,3.244284276266840572e-01
6.199999999999999956e-01,4.088777456518914444e-01,4.464657342263846085e-02,2.184428708879190828e-01,5.270521071430693816e-01
6.500000000000000222e-01,4.043208088551320523e-01,-1.859897241830842443e-02,8.405381175767571156e-01,6.215974215194423058e-01
-6.700000000000000400e-01,4.020864656746146459e-01,-1.406058941266877527e-01,5.490329023660106555e-01,5.640900627519190857e-01
-9.200000000000000400e-01,4.013254235397173408e-01,2.437959929934321590e-01,-2.906504968894947916e-01,3.456060579271362787e-01
-5.100000000000000089e-01,4.009847615617861960e-01,1.009126092700561063e-02,-7.851508777052602639e-01,6.974851557759150292e-03
4.500000000000000111e-01,3.998311744213912111e-01,-3.298655260752605400e-01,-5.644184334156610028e-01,-3.640802060812567409e-01
-5.999999999999999778e-02,3.970806786144249756e-01,1.395588784951409533e-01,1.199355287204775106e-01,-6.539881897989817672e-01
1.000000000000000021e-02,3.915878894068730576e-01,4.230045572948972765e-01,7.158142859076196407e-01,-7.642614078287177648e-01
1.050000000000000044e+00,3.824577144520981409e-01,-6.245570078849623785e-01,6.613895158435851851e-01,-6.480983754068059266e-01
1.570000000000000062e+00,3.694573213772245901e-01,2.942218722431854672e-01,-3.633565727684008595e-02,-3.325325085937576031e-01
1.229999999999999982e+00,3.527651888965080973e-01,-3.065199178111084957e-02,-6.416350316969352541e-01,8.587377200600285199e-02
5.600000000000000533e-01,3.334655131324855692e-01,1.610448547312862133e-01,-5.744280916619982635e-01,4.766137893441471096e-01
-1.199999999999999956e-01,3.123758440512736656e-01,-2.954198751856160210e-01,-4.235634394853077245e-02,7.189854005104027168e-01
4.699999999999999734e-01,2.919198142147847452e-01,1.492512406842094741e-01,4.463289537336040946e-01,7.459422818210844630e-01
4.000000000000000222e-01,2.730977481328769607e-01,-2.012311297332240994e-03,5.492945327698720570e-01,5.627290471868218180e-01
2.200000000000000011e-01,2.586572069552515729e-01,6.121514019245288124e-02,1.194103068211674473e-01,2.373766247701940557e-01
-9.200000000000000400e-01,2.492714361225577269e-01,-9.880311991015151840e-02,-4.785057400234029590e-01,-1.280234932502149481e-01
-1.050000000000000044e+00,2.478306253896310207e-01,3.776186802355033928e-02,-4.810918477895514966e-01,-4.362890460612222632e-01
-1.479999999999999982e+00,2.537562220868489482e-01,-1.173988152190713480e-01,1.378721293790772795e-01,-6.195617361369777365e-01
-6.700000000000000400e-01,2.681689187221813486e-01,2.884039176376583247e-01,4.523957245648177472e-01,-6.502654587857664703e-01
4.600000000000000200e-01,2.892568105377238963e-01,-2.057390998660885983e-01,9.242539643400732308e-02,-5.340761741033446253e-01
1.320000000000000062e+00,3.167923533154098914e-01,-8.458456307715798983e-02,-2.166565670279435030e-01,-2.988989034046241056e-01
1.379999999999999893e+00,3.475832387828121650e-01,2.031513627864925398e-01,-9.055012772604097149e-02,1.090339431924192484e-02
1.030000000000000027e+00,3.788824113105932478e-01,-6.169611717483858282e-02,-2.178943241042577070e-02,3.374855936850196803e-01
6.800000000000000488e-01,4.071492144011374381e-01,-1.101920213250546926e-01,-1.295291489749372249e-01,6.079247870932490416e-01
-9.200000000000000400e-01,4.289629677296548649e-01,1.627074928109309981e-01,6.569423883118837015e-02,7.457949286077468765e-01
-2.600000000000000089e-01,4.415456530265071677e-01,-9.849341476755660296e-02,3.990722890021445868e-01,6.922226986873564192e-01
-2.899999999999999800e-01,4.414258024519093770e-01,4.702073582037857163e-02,1.731944693828343096e-01,4.329023249640026050e-01
-3.900000000000000133e-01,4.276579105551688853e-01,-1.224220357925387415e-01,-4.080446954996182485e-01,1.919985401291803354e-02
1.799999999999999933e-01,3.986731087742429458e-01,1.200610072843201759e-01,-4.409000188452665281e-01,-4.372384907308584645e-01
-2.899999999999999800e-01,3.563193411942038868e-01,1.909431958113288474e-01,1.014634648639014119e-01,-7.939477805967715129e-01
-6.700000000000000400e-01,3.018776782664244762e-01,-4.230882896143364214e-01,3.975381033931053576e-01,-9.267763665454364919e-01
1.229999999999999982e+00,2.393469939639983890e-01,1.505196996576795010e-01,1.882638864609492979e-01,-7.792397748674733116e-01
1.360000000000000098e+00,1.724812628463922859e-01,1.459502559634232588e-01,-7.399584929745861572e-02,-3.862579880928250775e-01
1.530000000000000027e+00,1.069032877537132303e-01,1.157364029455464349e-01,-1.701003889421558446e-01,1.330056136730131677e-01
6.199999999999999956e-01,4.840519528334884941e-02,-4.324987000834176198e-01,-1.902232939141466073e-01,6.154155625684478714e-01
1.199999999999999956e-01,1.762641468968988113e-03,1.551871373078937966e-01,-7.105711060585451211e-02,9.116213071235998999e-01
2.999999999999999889e-01,-2.830219647948604283e-02,2.528790470078374764e-01,1.873651281393738655e-01,9.337361163020072574e-01
-7.000000000000000666e-02,-3.932621607533604013e-02,-1.583537771374337322e-01,2.813005706044538479e-01,6.843945523404399989e-01
-9.200000000000000400e-01,-2.828842053926148084e-02,-9.496994957712379115e-02,4.233207181195757646e-02,2.501899025469768167e-01
-1.060000000000000053e+00,3.574722539239252005e-03,6.370687141181903546e-02,-2.749997146702057305e-01,-2.324364004315693788e-01
-9.200000000000000400e-01,5.521069676651246816e-02,-2.704469914470254005e-02,-3.160796282377713595e-01,-6.218213349757423236e-01
-9.200000000000000400e-01,1.217493305906803408e-01,1.868538290789947542e-01,7.078601403631413352e-03,-8.185147410578016425e-01
-1.199999999999999956e-01,1.998398303875328907e-01,-2.294715185079484743e-01,3.871308599058213007e-01,-7.882165654155007806e-01
3.499999999999999778e-01,2.829040517915922814e-01,8.213160990374759884e-02,3.463482788518110755e-01,-5.635806849434769061e-01
1.010000000000000009e+00,3.660189316143867555e-01,-7.168773140632613006e-02,-1.325692779411120625e-01,-2.239857294223487061e-01
1.090000000000000080e+00,4.428758504830250242e-01,2.450555663763343828e-01,-4.459925605006689331e-01,1.380890481207565079e-01
4.600000000000000200e-01,5.101001143845453889e-01,-2.986265514521982412e-01,-2.154881690614348644e-01,4.415852369462325289e-01
1.700000000000000122e-01,5.641088578791854102e-01,1.377298741421529027e-01,1.787325468953046836e-01,6.334788555067707438e-01
1.700000000000000122e-01,6.037697690279559826e-01,4.173745988245899236e-02,2.828321955241458463e-01,6.875062656390741322e-01
-9.200000000000000400e-01,6.286387185770674346e-01,-5.414534720746745633e-02,1.579970483077085541e-01,5.980355665046807045e-01
3.499999999999999778e-01,6.405285932403885774e-01,-7.612526496246609098e-02,-1.156053290847729349e-02,3.773138016468407518e-01
-5.100000000000000089e-01,6.416203834499677461e-01,1.257563756590218962e-01,-2.054436588149097243e-01,5.765974479317220736e-02
-9.200000000000000400e-01,6.348630176127073588e-01,7.685393993684451475e-02,-2.737049087294023408e-01,-3.004368044509947988e-01
-3.900000000000000133e-01,6.231285594451413390e-01,-3.806953893879132522e-01,-2.895052820652834966e-02,-6.116938132031213282e-01
7.000000000000000666e-02,6.097040072108776965e-01,5.021492842042074578e-01,2.895913877175567697e-01,-7.818959332703766529e-01
7.399999999999999911e-01,5.972007046179337308e-01,-3.489939404960863412e-01,2.514989327548812215e-01,-7.413783801581573796e-01
1.090000000000000080e+00,5.877006101279949046e-01,-9.853251155148982574e-03,-7.774391040296783906e-02,-4.791069341147723981e-01
1.110000000000000098e+00,5.818318684043659594e-01,3.706409310601880280e-01,-2.394195352586591385e-01,-5.872567094978149715e-02
7.600000000000000089e-01,5.801787769443158549e-01,-3.504468681467217683e-01,-1.092837275747337994e-01,3.929124531436796741e-01
-2.000000000000000111e-01,5.822322516959977934e-01,-1.411067332132774632e-01,2.712308823583717624e-02,7.306048155888923423e-01
-9.200000000000000400e-01,5.875935076224173548e-01,5.501296979608852888e-01,6.622968649644297989e-02,8.442081812681646591e-01
-3.599999999999999867e-01,5.946724788771790005e-01,-4.319853965392163042e-01,1.544582780541101097e-01,7.013501453433009791e-01
-5.400000000000000355e-01,6.023079770477751671e-01,1.564308976919132621e-01,1.865438137011209974e-01,3.577353218751938013e-01
-7.299999999999999822e-01,6.090542861742941350e-01,-1.419536605712250765e-01,-7.932386946079082735e-02,-6.927920205704314605e-02
-5.100000000000000089e-01,6.141052930656012432e-01,1.130154763461887341e-01,-3.798838889519184914e-01,-4.474204280858700700e-01
-9.200000000000000400e-01,6.170790912223379499e-01,1.386613309538446692e-01,-1.993252964991003851e-01,-6.755724522326559400e-01
-1.199999999999999956e-01,6.174317636792900910e-01,-2.046377024029370217e-01,2.882285335663208325e-01,-7.105109337975121786e-01
1.070000000000000062e+00,6.149671021194103027e-01,-9.081043086857036595e-02,3.822348247905934526e-01,-5.668463875175330235e-01
1.250000000000000000e+00,6.092471564191901390e-01,2.556584215940432281e-01,-1.023670242742489266e-02,-2.987217918867544619e-01
1.479999999999999982e+00,6.009646247710989098e-01,-2.831392090618760349e-02,-2.895753421013461115e-01,2.151695313448869634e-02
1.050000000000000044e+00,5.903694048816584550e-01,-1.971761384309612675e-01,-1.792768086748174616e-01,3.233213025374133132e-01
-6.700000000000000400e-01,5.777796162678254799e-01,1.579002205252732494e-01,3.629032318900685117e-02,5.447658217513077217e-01
-2.700000000000000178e-01,5.636663851238316036e-01,-7.176415431073744633e-02,1.681826443438158847e-01,6.402209796873588044e-01
-9.200000000000000400e-01,5.482974506827308359e-01,9.408930195142004016e-02,2.176161434053805466e-01,5.866289205741178625e-01
-1.169999999999999929e+00,5.328491798590150319e-01,-7.633678626225205710e-02,4.045072709620339824e-02,3.894222174569596517e-01
-5.999999999999999778e-02,5.172522219191565407e-01,-7.122132186533380871e-02,-3.402182674709542387e-01,9.037701705833058041e-02
-2.000000000000000111e-01,5.030364729188187001e-01,1.883042551136369647e-01,-4.071282602060964928e-01,-2.407677962948541750e-01
-3.900000000000000133e-01,4.897042757153958759e-01,-5.074772829483487069e-02,1.316271881338346161e-01,-5.186332348393204450e-01
1.090000000000000080e+00,4.782591194622936581e-01,-3.597322735147807093e-01,6.509454161935110950e-01,-6.677410924283040394e-01
1.110000000000000098e+00,4.681159273096927032e-01,7.074546915322464935e-01,3.888486974862941925e-01,-6.447932460823924128e-01
1.270000000000000018e+00,4.598577573818256048e-01,-5.808785137321238468e-01,-3.828575577762817206e-01,-4.513781321085982290e-01
1.659999999999999920e+00,4.528568336158562690e-01,6.895036366517454107e-02,-7.035630269975255979e-01,-1.357003884823207995e-01
1.070000000000000062e+00,4.464281843193055876e-01,2.615311766676144956e-01,-2.386054383211703989e-01,2.229680281527408603e-01
9.599999999999999645e-01,4.402910373136891820e-01,-1.417112289123140523e-01,3.982662459131827148e-01,5.318700039716950378e-01
1.000000000000000021e-02,4.334878447143849511e-01,-4.902989806871966422e-02,5.285882148364539068e-01,7.098296338061038657e-01
6.500000000000000222e-01,4.263974891936939127e-01,-1.550371623099300322e-02,1.318231716317460889e-01,7.036537983509590921e-01
6.600000000000000311e-01,4.182938546854002015e-01,1.033314009641966291e-01,-2.728547088953010569e-01,5.043142762250323319e-01
6.800000000000000488e-01,4.103930703928999613e-01,4.023189101749059804e-02,-2.441160870204405753e-01,1.526659624958839889e-01
-9.200000000000000400e-01,4.032208351929281731e-01,-1.795891712254737982e-01,5.079329488258374492e-02,-2.653400405703791320e-01
4.299999999999999933e-01,3.985481815721589882e-01,1.503727752904188836e-02,6.987394140229942485e-02,-6.330111407460231598e-01
4.299999999999999933e-01,3.974963831580550777e-01,2.630643071602020711e-01,-2.046222256883163670e-01,-8.371814204825785977e-01
7.399999999999999911e-01,4.010538342769262576e-01,-2.904984128087879092e-01,-1.571836313996536894e-01,-7.999077628488582281e-01
1.479999999999999982e+00,4.105279466189923343e-01,5.942341286645835829e-02,3.153025004202762438e-01,-5.134172728958649179e-01
1.310000000000000053e+00,4.261457079247831792e-01,1.836109941861085726e-01,4.300483890062580250e-01,-4.988996125972006146e-02
8.699999999999999956e-01,4.474550408460296058e-01,-2.742146777344192654e-01,-1.101066521304072537e-01,4.539406508066152202e-01
1.199999999999999956e-01,4.719224099051221866e-01,1.902485112479352369e-01,-4.413657820696707534e-01,8.359395615060746243e-01
7.000000000000000666e-02,4.969491588121546788e-01,2.377329843498916448e-02,-2.288276771766411047e-02,9.669785894277906912e-01
-9.200000000000000400e-01,5.196207661241118991e-01,-2.241026775047427755e-01,3.500248339561018440e-01,7.951177153425905697e-01
-9.200000000000000400e-01,5.359038341895483448e-01,2.460986079750129008e-01,-4.372595498468281189e-02,3.711617060111009891e-01
2.700000000000000178e-01,5.419985886469695924e-01,-3.846929170588683083e-02,-5.292033542163836479e-01,-1.678867008406471073e-01
2.600000000000000089e-01,5.333541740977190138e-01,-2.965965055470017320e-01,-1.854282846440510335e-01,-6.465166261607838694e-01
-6.700000000000000400e-01,5.083524411182727132e-01,5.455086718565251847e-01,5.856883157289972663e-01,-9.126777715493089582e-01
1.700000000000000122e-01,4.657316005029659145e-01,-4.651559340072000670e-01,7.042374833829472269e-01,-8.930194601844001490e-01
7.099999999999999645e-01,4.071444081704002627e-01,2.734071926038816880e-02,1.334742539457171168e-02,-6.136906605812070259e-01
1.389999999999999902e+00,3.348078509337865660e-01,4.290028468596137623e-01,-6.612067361679883071e-01,-1.835547659271790089e-01
1.540000000000000036e+00,2.532108737792934106e-01,-4.430153748415913140e-01,-6.788713508941702779e-01,2.525208188024785083e-01
6.500000000000000222e-01,1.692360069296888481e-01,-3.840475086203520849e-02,-1.503952842597660045e-01,5.699337464017534272e-01
-2.000000000000000111e-01,8.999029866098860742e-02,5.170265958443921450e-01,4.313627782909960628e-01,7.034549715048410423e-01
-2.899999999999999800e-01,2.372042410522479106e-02,-4.732840399178305235e-01,6.521128445024280129e-01,6.552518452018197825e-01
3.200000000000000067e-01,-2.395872162276333622e-02,2.563467875700396401e-02,3.868355344784630279e-01,4.772800920827904303e-01
3.099999999999999978e-01,-4.654559416334839300e-02,2.370608462678056860e-01,-1.428332257778624492e-01,2.343441814271501611e-01
-9.200000000000000400e-01,-4.125901268752749096e-02,-1.264141414984099598e-01,-5.348644509982763973e-01,-2.063779385435731903e-02
-9.200000000000000400e-01,-6.876591462758600143e-03,8.472987069345278011e-02,-5.256248714613741546e-01,-2.564123337225722721e-01
-2.000000000000000111e-01,5.447720248071661470e-02,-3.252990106675631155e-01,-1.487350645475572219e-01,-4.533343620137992858e-01
1.199999999999999956e-01,1.380744854940522126e-01,4.008348816827566607e-01,3.379450318998289404e-01,-5.841934597276535746e-01
9.799999999999999822e-01,2.380146695656031597e-01,-9.424688878333067898e-02,5.934915645914226046e-01,-6.120109246980003359e-01
1.479999999999999982e+00,3.443760440297936043e-01,-2.976913116787098523e-02,3.707903477498988298e-01,-4.993414497201076885e-01
1.250000000000000000e+00,4.496303279503955364e-01,-3.868659017819023882e-01,-2.276116624961720403e-01,-2.389886431398481337e-01
1.070000000000000062e+00,5.433748373601755555e-01,7.769164106998192043e-01,-6.507703465219705219e-01,1.245173336997676961e-01
5.300000000000000266e-01,6.199989331341425602e-01,-5.513954727175039983e-01,-3.733743118142128781e-01,4.932533895560870518e-01
3.599999999999999867e-01,6.715125651764720649e-01,-3.837937797550711704e-03,3.466937164917174852e-01,7.440079204475960051e-01
3.599999999999999867e-01,6.961546401005686002e-01,2.888636632342623245e-01,5.949280248882394817e-01,7.797693918024618531e-01
3.599999999999999867e-01,6.922539432032021045e-01,-1.767835424107526143e-01,3.605439852840903320e-02,5.719344923594108510e-01
-9.200000000000000400e-01,6.631915020572454189e-01,-5.856801799535522185e-02,-5.007814329240407591e-01,1.820631195332985675e-01
2.600000000000000089e-01,6.127590074900430839e-01,7.770066804497130497e-02,-2.402610243961101621e-01,-2.623957447217845629e-01
-6.700000000000000400e-01,5.476262824972716325e-01,2.317481192065768691e-01,3.413301694716905366e-01,-6.157948097558963996e-01
2.999999999999999889e-01,4.754891239706081074e-01,-4.562642722687136332e-01,3.440257802459054659e-01,-7.708678627303923170e-01
8.900000000000000133e-01,4.036674971184517902e-01,1.359754353343156363e-01,-1.281994521997723013e-01,-6.953521786531130511e-01
1.979999999999999982e+00,3.394265691233186999e-01,3.744783522369780071e-01,-3.225781164659469180e-01,-4.310343144834249407e-01
1.409999999999999920e+00,2.882488839630843458e-01,-3.223082148433066285e-01,-9.997188000445637879e-02,-7.014396262978547791e-02
9.799999999999999822e-01,2.546103542368094996e-01,-2.032983883369925138e-01,1.014738725313921591e-01,2.864428365915041019e-01
3.800000000000000044e-01,2.396437841636661903e-01,4.725454064700480572e-01,1.313198272440897485e-01,5.565820937176279015e-01
-6.700000000000000400e-01,2.424800859647959494e-01,-2.728089205054748390e-01,1.384354801584051775e-01,6.894657931332484058e-01
3.599999999999999867e-01,2.602663376514463001e-01,-1.283044755816455454e-02,8.728407908064440834e-02,6.641404697954430558e-01
7.000000000000000666e-02,2.886001923009672288e-01,1.360452585356135002e-01,-1.039157310561477643e-01,4.824688031094876983e-01
-6.700000000000000400e-01,3.219078125051618722e-01,-7.274031338793437995e-02,-2.584587080684929705e-01,1.718584028886172288e-01
-3.900000000000000133e-01,3.539157812958497185e-01,-7.140959908123484245e-02,-1.738072643183103116e-01,-2.105797583898462166e-01
-6.700000000000000400e-01,3.786818631346786646e-01,4.170104757641498322e-02,9.896356044629692206e-02,-5.769843779879764156e-01
5.300000000000000266e-01,3.916870349462865941e-01,1.656629312116888741e-01,3.275252177600161962e-01,-8.224296193159171819e-01
6.199999999999999956e-01,3.900308470679299533e-01,-1.169945577869993952e-01,2.622442184209043403e-01,-8.570541539337143133e-01
1.629999999999999893e+00,3.733607567747453393e-01,-2.569946909942525393e-01,-1.190883231399963160e-01,-6.424670682714072045e-01
1.149999999999999911e+00,3.423142874992870510e-01,3.664860881697076800e-01,-4.220752162922759010e-01,-2.172743199471339481e-01
1.070000000000000062e+00,3.002267799953958205e-01,2.213315338688238640e-02,-2.467820095280369719e-01,3.035359938826706072e-01
6.199999999999999956e-01,2.519858061678491579e-01,-3.287601479465910304e-01,1.992467040024685776e-01,7.631057097650500998e-01
-1.199999999999999956e-01,2.039083848297177648e-01,1.797797312926630031e-01,3.722678582892025023e-01,1.013294440510713379e+00
1.159999999999999920e+00,1.624188864995392001e-01,6.793898018665335548e-02,1.664390546650765246e-01,9.685938767281777606e-01
-6.700000000000000400e-01,1.323856694710141835e-01,-8.891347361205360900e-02,-1.114158516774874930e-01,6.366713394348796351e-01
-6.700000000000000400e-01,1.192529369287004537e-01,5.389046553154322461e-02,-2.840444995191340194e-01,1.157310409515550503e-01
-9.200000000000000400e-01,1.246294161368284026e-01,-1.098627504472834415e-01,-2.852307611875899429e-01,-4.363414117656962965e-01
-5.100000000000000089e-01,1.507012616471398725e-01,9.027587296481938417e-02,5.378417426446287057e-03,-8.562724248858242238e-01
-6.700000000000000400e-01,1.938233233983168435e-01,6.701724852747988070e-02,4.133395208403733978e-01,-1.023265063390923935e+00
7.600000000000000089e-01,2.519682279009387571e-01,-6.760829948479434026e-02,4.294257581099058529e-01,-8.962452864810490638e-01
1.320000000000000062e+00,3.177214225115839730e-01,-2.897320247015526262e-01,-7.205967560160399243e-02,-5.214134216101017349e-01
1.290000000000000036e+00,3.863520252174701408e-01,6.944445992575538629e-01,-5.363242467424680360e-01,-1.406654937598096275e-02
5.899999999999999689e-01,4.496220621027395836e-01,-6.886527894039771169e-01,-4.370097413066124092e-01,4.761168138613283696e-01
1.199999999999999956e-01,5.027729269608035567e-01,3.390424696531530446e-01,9.680766498184059654e-02,8.129724244985612192e-01
-5.100000000000000089e-01,5.403474363989887452e-01,-1.020873048650386000e-01,5.162186097615747427e-01,9.088378591070550572e-01
7.800000000000000266e-01,5.599978129874512156e-01,1.525983022302892511e-01,4.424165768089013406e-01,7.496153364010516018e-01
-5.100000000000000089e-01,5.609930813304724317e-01,-2.672280727232689834e-01,-2.271768254580279825e-02,3.931225239387039494e-01
5.999999999999999778e-01,5.446863944568014482e-01,2.563231537032643614e-01,-4.248858615201910882e-01,-5.213468955030845647e-02
-2.000000000000000111e-01,5.149280830728563130e-01,-6.959825118416403111e-02,-4.151680925682768031e-01,-4.590952507884650813e-01
3.800000000000000044e-01,4.751596017835834074e-01,-2.697524762615218230e-01,-7.483381325630132641e-02,-7.206672803658240589e-01
-5.100000000000000089e-01,4.309405064493850857e-01,5.208607094692916384e-01,2.632849036435850887e-01,-7.741834828672015112e-01
4.199999999999999845e-01,3.859843815243491072e-01,-3.638903339110317048e-01,3.528340139084727989e-01,-6.156743912573690025e-01
1.310000000000000053e+00,3.450768283309895157e-01,-7.649395848587643709e-02,1.483149168777310178e-01,-2.956071789834794905e-01
1.510000000000000009e+00,3.096412967825091234e-01,3.230565755311309295e-01,-1.616117464291763617e-01,9.703164165019571852e-02
6.800000000000000488e-01,2.815775111318077339e-01,-2.539714214075074472e-01,-2.533587043376537284e-01,4.567257141342652149e-01
-5.100000000000000089e-01,2.598730977892012017e-01,2.091158190612893708e-01,-5.986834354493582311e-02,6.876124117370270294e-01
-5.999999999999999778e-02,2.437155143842303917e-01,-3.229349387891631840e-01,1.123983235686366322e-01,7.259956783226458876e-01
-2.000000000000000111e-01,2.303297374200038994e-01,3.577716844530162699e-01,7.542970687182469491e-02,5.577165270018752397e-01
-5.100000000000000089e-01,2.183521033031170511e-01,-2.254609707658657147e-01,-1.642563800088170725e-02,2.247758722154935274e-01
-5.100000000000000089e-01,2.060884820029382780e-01,1.538192521967667870e-01,-7.182077604222492084e-02,-1.825290607984039748e-01
-6.700000000000000400e-01,1.929611353577720401e-01,-1.749492871014370898e-01,-1.187544567881272245e-01,-5.481877312822889259e-01
-6.700000000000000400e-01,1.792171048370961584e-01,-4.411081125470074638e-02,6.805494375094166271e-03,-7.625261671245312511e-01
-3.900000000000000133e-01,1.666133235541994162e-01,5.777467442198566117e-01,3.178829982582872526e-01,-7.567723666093540968e-01
9.200000000000000400e-01,1.580454908766557587e-01,-8.763693647220509586e-01,3.196644739094026133e-01,-5.250356947126707530e-01
1.270000000000000018e+00,1.551338510359637213e-01,5.295395525004866766e-01,-2.067106223180137925e-01,-1.294207361316473126e-01
9.799999999999999822e-01,1.605326969406737914e-01,1.058236021606469464e-02,-5.933111919240470211e-01,3.172639641153671697e-01
8.399999999999999689e-01,1.745381078647439133e-01,-3.774904379600058785e-02,-2.617545790440609643e-01,6.852498501587943602e-01
9.200000000000000400e-01,1.984983261772899910e-01,-3.270148837580381662e-01,3.401005822500283160e-01,8.648760952705204508e-01
2.600000000000000089e-01,2.292037900223434788e-01,4.193657123636747031e-01,4.826313606979447113e-01,8.004921861666870475e-01
4.099999999999999756e-01,2.651568683701259754e-01,-1.377643352486614126e-01,1.674683713513920036e-01,5.048428721105812089e-01
4.199999999999999845e-01,3.009479201291812012e-01,-3.458860567969726518e-02,-1.435512365843836513e-01,5.684874405507321649e-02
4.299999999999999933e-01,3.336722342091808513e-01,-3.389798829328574681e-02,-2.331187054481970444e-01,-4.202438957274472475e-01
4.400000000000000022e-01,3.578278404832732074e-01,5.264762203922511430e-02,-1.981511844221907348e-01,-7.930007001600359873e-01
4.500000000000000111e-01,3.717408649770433393e-01,-7.041078411829258810e-02,-1.418949641980266907e-01,-9.533800375629510881e-01
1.199999999999999956e-01,3.732081876459252268e-01,3.883177673171961386e-01,9.176502566345378156e-03,-8.512343713326102623e-01
8.900000000000000133e-01,3.628425448170968792e-01,-7.699489881758602161e-01,3.047983581594908564e-01,-5.092888046833425886e-01
7.900000000000000355e-01,3.424248565562354463e-01,6.964478579589199470e-01,4.237578844463606442e-01,-2.015411553059520341e-02
1.929999999999999938e+00,3.162514848843628323e-01,-3.438605073850798388e-01,1.397716599685805416e-02,4.790172436232064679e-01
9.200000000000000400e-01,2.898988466534838659e-01,3.232533337031761045e-01,-5.386707310498399792e-01,8.465899543787539505e-01
1.199999999999999956e-01,2.676819227461728623e-01,-5.274058750476966484e-01,-4.385737215282112800e-01,9.796855734038111274e-01
7.600000000000000089e-01,2.544148192766239047e-01,3.676324681728668775e-01,2.715375356214413394e-01,8.460954443716082185e-01
7.800000000000000266e-01,2.528840988098922660e-01,3.695916151603593353e-02,6.286380838823002470e-01,4.924815726712467034e-01
8.000000000000000444e-01,2.656093073449681263e-01,-7.456993274194813337e-02,1.260259040904333216e-01,2.656731275681933901e-02
-1.199999999999999956e-01,2.907742564292386533e-01,-1.399237066995155654e-01,-5.595289553895709256e-01,-4.215228120871597484e-01
7.299999999999999822e-01,3.257034659451703562e-01,-1.488912598305778515e-04,-5.016834777260864575e-01,-7.396464317738427052e-01
-6.700000000000000400e-01,3.649868085140158813e-01,3.790540306402481185e-01,2.486168883325712287e-01,-8.647762948595402177e-01
1.000000000000000021e-02,4.037986349949539977e-01,-3.497241999298563164e-01,7.078981915939861480e-01,-7.895389265711574289e-01
1.310000000000000053e+00,4.358318395702422410e-01,-7.261937534176965414e-02,2.410245685660991344e-01,-5.507131204379004386e-01
1.070000000000000062e+00,4.562201921470038779e-01,2.615990921667156743e-01,-5.336818012686868062e-01,-2.084605149246330780e-01
1.250000000000000000e+00,4.606728410139477869e-01,-2.482284289840600011e-02,-5.874927929930661152e-01,1.725739019665848972e-01
4.899999999999999911e-01,4.479356086810502013e-01,-1.578797585365892542e-01,5.280384538783737536e-02,5.271480566029904669e-01
-5.100000000000000089e-01,4.186218443226080166e-01,-3.682915464031414482e-02,4.804673475453453135e-01,7.905963518169675242e-01
4.500000000000000111e-01,3.757382295266569749e-01,3.065037430887982417e-01,3.092959153717272369e-01,8.979242806899849771e-01
4.500000000000000111e-01,3.234880474487598634e-01,-2.198684373913505630e-01,-4.403991778499351945e-02,7.981231806715893828e-01
4.500000000000000111e-01,2.673589357865999161e-01,-1.007597070927241378e-01,-2.438015001736009157e-01,4.801222627802553267e-01
4.500000000000000111e-01,2.135630666623118679e-01,1.833359404728199527e-01,-2.820513616567223991e-01,-4.454046869848086489e-03
-3.900000000000000133e-01,1.675310428146634945e-01,6.469458694945168231e-02,-1.040955662407250376e-01,-5.336236117935589940e-01
-2.000000000000000111e-01,1.337723517372591264e-01,-2.657667690666909444e-01,2.364156831942287873e-01,-9.455321399581619879e-01
1.199999999999999956e-01,1.145533831089485394e-01,2.120751977290210033e-01,3.624900925956013875e-01,-1.093464576756925100e+00
1.030000000000000027e+00,1.111498190679121867e-01,-5.529954126619233273e-02,8.173437822193811708e-02,-9.095405282326395335e-01
1.510000000000000009e+00,1.225496058559333579e-01,-4.720078788522624746e-02,-2.653660143149136341e-01,-4.429240599387020416e-01
1.510000000000000009e+00,1.469857562159113396e-01,5.696997144189853285e-02,-3.162831598671307365e-01,1.522709549601178047e-01
6.500000000000000222e-01,1.810961537296488510e-01,4.381447709753446412e-02,-1.159758398403166746e-01,6.745617066710545284e-01
7.000000000000000666e-02,2.212871779357820368e-01,-1.464394540774031084e-01,1.459178772034878113e-01,9.578476783499071390e-01
-5.999999999999999778e-02,2.636995472527763895e-01,1.473669312357213101e-01,3.521666471010564403e-01,9.348662926742442592e-01
7.800000000000000266e-01,3.051277693999449037e-01,-2.170435857504737498e-01,3.173515446211432334e-01,6.546980148374272890e-01
-2.000000000000000111e-01,3.430579329058573990e-01,4.666862384032123279e-01,-7.734538809929494829e-02,2.454587537356865690e-01
-2.800000000000000266e-01,3.752288884611366671e-01,-5.188250103900511334e-01,-5.153626323991119529e-01,-1.521522381261842805e-01
-5.100000000000000089e-01,3.998366243466608405e-01,7.382950794431043795e-02,-4.548111870195025164e-01,-4.436040801659191235e-01
-3.900000000000000133e-01,4.157098930384948154e-01,3.969120469612247848e-01,1.425957663332544922e-01,-6.023666811234833496e-01
-2.000000000000000111e-01,4.222512496711176011e-01,-2.973180237590725139e-01,6.182522792275876311e-01,-6.470673526810676313e-01
8.199999999999999512e-01,4.192014746383840307e-01,-7.131086383429177666e-02,3.931743084372937291e-01,-6.014057126384196872e-01
9.200000000000000400e-01,4.056879265422603797e-01,-2.399367811635808381e-02,-2.499211425088225247e-01,-4.648499998884330631e-01
1.310000000000000053e+00,3.818182014222047393e-01,5.598297986139498805e-01,-5.219769426974858462e-01,-2.199367138185406856e-01
3.499999999999999778e-01,3.475548755962115099e-01,-7.947992970716347694e-01,-1.850319303350118627e-01,1.306026615883953412e-01
-2.899999999999999800e-01,3.043577862905896270e-01,4.111962029464892310e-01,2.389082005808776110e-01,5.272979334630464310e-01
4.799999999999999822e-01,2.530347162519556159e-01,1.394974631296368173e-01,3.034011896682295428e-01,8.488338066109247793e-01
5.200000000000000178e-01,1.961772296643523594e-01,-3.810155477436918958e-01,9.315285739359746575e-02,9.544668166408828425e-01
5.699999999999999512e-01,1.363360489060325420e-01,3.320307685944087761e-01,-1.573632905858785014e-01,7.556138072152109864e-01
-6.700000000000000400e-01,7.750840510316871212e-02,-1.470832981759498115e-01,-2.844695251128593338e-01,2.760452490138075587e-01
-2.899999999999999800e-01,2.314231545906247911e-02,-1.440310193889873802e-01,-1.051521969857449057e-01,-3.379584009511419351e-01
-5.100000000000000089e-01,-2.278490016169787413e-02,4.045678238286165018e-01,2.901863341105510585e-01,-8.686331845724195588e-01
-6.700000000000000400e-01,-5.674945173331025217e-02,-3.688266080661780633e-01,3.859978914761223456e-01,-1.119366334402281060e+00
5.899999999999999689e-01,-7.562477227113835465e-02,6.621856187519463421e-02,-3.139636938957222900e-02,-9.992580961651648108e-01
1.689999999999999947e+00,-7.760151460463145245e-02,1.704717524547776086e-01,-4.211415020326526593e-01,-5.593670148349898508e-01
1.560000000000000053e+00,-6.232242052493956741e-02,-1.945696636031594429e-01,-3.104050853231376528e-01,3.490320565002499875e-02
1.129999999999999893e+00,-3.055945374235170126e-02,1.628354433345969299e-01,3.842674639464927627e-02,5.796787319879204148e-01
1.090000000000000080e+00,1.572930801402075418e-02,-1.366704851787337305e-01,2.479461053002032789e-01,9.129143533622188222e-01
1.110000000000000098e+00,7.332498386268541946e-02,5.235981775379665998e-02,3.442677947508362424e-01,9.643627573746518244e-01
1.000000000000000021e-02,1.374222466151382438e-01,5.439407184269003104e-03,2.865010746048053392e-01,7.590881585691291455e-01
1.000000000000000021e-02,2.028752239611626151e-01,8.098913579123741269e-02,-1.325600256152109913e-01,3.846609679083012323e-01
8.299999999999999600e-01,2.642465167007055360e-01,-1.381654769020543294e-01,-6.057204095949700884e-01,-5.173291656349847389e-02
-9.200000000000000400e-01,3.171083782910232296e-01,1.494315500331376556e-03,-4.626515074210965084e-01,-4.517221835014749165e-01
-1.199999999999999956e-01,3.565265765599603398e-01,6.869527581776382896e-02,2.279745840495983611e-01,-7.380530018197902775e-01
-3.900000000000000133e-01,3.793481352041145338e-01,2.019268612365641424e-01,6.163090054709641219e-01,-8.545011058766106560e-01
1.110000000000000098e+00,3.823380207334021730e-01,-4.897782846847672511e-01,3.350383607553293897e-01,-7.687311900488292826e-01
1.489999999999999991e+00,3.656157504012633175e-01,3.435997947267157571e-01,-1.023202831328561130e-01,-4.870899565815153265e-01
1.229999999999999982e+00,3.293449474165738855e-01,1.626457954221702945e-02,-2.953913073484968899e-01,-6.390855110394993988e-02
1.070000000000000062e+00,2.766732441905496165e-01,-6.589669034396479497e-02,-3.673366577088186258e-01,3.963710214193707504e-01
2.999999999999999889e-01,2.100071330296237326e-01,-1.304137945606243798e-01,-2.732705331182131991e-01,7.631282557392047305e-01
-2.500000000000000000e-01,1.347138848963446434e-01,1.722903395394766446e-01,2.091162873649771159e-01,9.227305018552209859e-01
-1.900000000000000022e-01,5.627324019046133635e-02,-1.183588789923762097e-01,6.517220184892440482e-01,8.179748354601363847e-01
-5.999999999999999778e-02,-1.851159332864460438e-02,2.504181676424072633e-01,3.192988848117572775e-01,4.758451319489612197e-01
-9.200000000000000400e-01,-8.415750244027261906e-02,-3.310370556592553415e-01,-4.820699453377069732e-01,-1.405285450893038442e-03
-6.700000000000000400e-01,-1.358179437103991805e-01,2.552614845530414706e-02,-6.355731161579372124e-01,-4.706200381251960385e-01
-5.100000000000000089e-01,-1.690320661468239227e-01,3.307427405870508874e-01,4.222057462525208305e-02,-7.940589011527700025e-01
7.000000000000000666e-02,-1.813547030749792510e-01,-2.429343889239509169e-01,5.474164700123113070e-01,-8.839096650124028676e-01
8.199999999999999512e-01,-1.716898661932604597e-01,4.014825213338988480e-03,3.012013363702728541e-01,-7.230415050237919417e-01
1.489999999999999991e+00,-1.423643340973424765e-01,-1.805330358946396485e-01,-1.966649752702961662e-01,-3.651450267619157364e-01
1.149999999999999911e+00,-9.622149855043274358e-02,5.300099304554038993e-01,-3.760668465946597205e-01,8.489705842428853233e-02
1.459999999999999964e+00,-3.888096215729060223e-02,-3.599167002312028685e-01,-2.026458762074078712e-01,5.023001510898598143e-01
9.599999999999999645e-01,2.405786493277999732e-02,-2.260264121014815275e-01,1.433261014265515276e-01,7.742077736596997273e-01
-9.200000000000000400e-01,8.522493711456725907e-02,4.190611579495190919e-01,3.889950836066446982e-01,8.284373632577202162e-01
-9.200000000000000400e-01,1.383132136568139825e-01,1.101309354051105242e-02,2.320623957375420043e-01,6.514405444950459589e-01
5.200000000000000178e-01,1.772600030354676004e-01,-3.407762243065779462e-01,-1.964464315800478755e-01,2.920775825140599080e-01
5.799999999999999600e-01,1.984923899259670166e-01,6.322633053019668936e-02,-3.715676203568826774e-01,-1.508392060821447667e-01
-2.000000000000000111e-01,2.002186148910383989e-01,3.011261500902819854e-01,-1.362865784574875394e-01,-5.558239418490714678e-01
1.700000000000000122e-01,1.830001771911028974e-01,-6.284770766868390257e-02,1.332420448371139376e-01,-8.111635878444910519e-01
2.200000000000000011e-01,1.494972377069428149e-01,-4.631848126883560401e-01,1.861283129099247369e-01,-8.463054801164096030e-01
4.899999999999999911e-01,1.044691096545345976e-01,4.049883542332051722e-01,1.357387297469671850e-01,-6.487472820080315561e-01
1.590000000000000080e+00,5.421991036528939212e-02,2.796947922370979778e-01,7.214646944106291315e-02,-2.662242826132172335e-01
1.570000000000000062e+00,4.792058468753511782e-03,-7.561309505920794649e-01,-6.630538426977473920e-02,2.044274651922302066e-01
1.229999999999999982e+00,-3.770231474394839660e-02,6.269182433579759683e-01,-2.388238024997292874e-01,6.422157169267835863e-01
-6.700000000000000400e-01,-6.895087471166541637e-02,-3.585865734460026433e-01,-2.237197848761248442e-01,9.263732439515183215e-01
-5.999999999999999778e-02,-8.524483669879236170e-02,3.284963656867095350e-01,8.910164845191889671e-02,9.681151798731282287e-01
5.300000000000000266e-01,-8.636028271739314144e-02,-2.883168289061950884e-01,3.867530986413975636e-01,7.367485628333303449e-01
5.300000000000000266e-01,-7.305509206436984482e-02,1.511835247872638129e-02,2.066909185489947953e-01,2.754649333062075822e-01
-3.900000000000000133e-01,-4.958410821477651775e-02,2.473332589032902762e-01,-3.093202465441369786e-01,-2.962301438065281789e-01
2.700000000000000178e-01,-1.980308763162599503e-02,-1.971137103347068431e-01,-4.255162923397179386e-01,-8.125541689819675284e-01
-6.700000000000000400e-01,1.066856764763406303e-02,-6.697648110274045941e-02,7.736640927608978702e-02,-1.107772760268383339e+00
-2.899999999999999800e-01,3.742667893686386221e-02,1.730968270350071170e-01,4.754644078043985811e-01,-1.075993810100771109e+00
1.489999999999999991e+00,5.578717239310015258e-02,3.293851655437356890e-02,2.265906257398262458e-01,-7.160950342036674909e-01
1.030000000000000027e+00,6.351640535508150387e-02,-2.711552759136562352e-01,-2.640019603010255178e-01,-1.383255232550726632e-01
1.310000000000000053e+00,6.112403156866422216e-02,2.668532737785097031e-01,-4.121111987122517140e-01,4.694447248952074436e-01
1.129999999999999893e+00,5.077361458650177933e-02,-1.230724833982374256e-01,-1.809534354713006332e-01,9.124545233359208085e-01
2.200000000000000011e-01,3.689267705822332072e-02,2.930429157291889602e-02,2.062013480752854511e-01,1.059603161083029654e+00
-3.900000000000000133e-01,2.389505206059887657e-02,6.341896772438462837e-02,4.987755948756678048e-01,8.897630029596037549e-01
2.899999999999999800e-01,1.901386982808960305e-02,-7.047470504491078203e-02,3.427392813896029677e-01,4.886984277854322656e-01
-5.100000000000000089e-01,2.759768787589068906e-02,-2.129651082182383581e-01,-2.819381937825648499e-01,5.096136358009653415e-03
-2.899999999999999800e-01,5.528471923689430578e-02,4.575982696840573682e-01,-7.046078038799078458e-01,-4.119540098177373322e-01
1.199999999999999956e-01,1.037940863268387304e-01,-9.301658901807495494e-02,-3.374026812218834381e-01,-6.664864288611649368e-01
-3.900000000000000133e-01,1.740339972793586987e-01,-5.167991406264114129e-01,4.306024585138048533e-01,-7.312560118980860890e-01
-3.900000000000000133e-01,2.634764960716818871e-01,4.196351750166144590e-01,7.082593923372634270e-01,-6.357658983966200106e-01
1.189999999999999947e+00,3.678305377091969919e-01,2.910675920260767380e-01,2.421572737612678605e-01,-4.320179002505486476e-01
1.379999999999999893e+00,4.800023595784058128e-01,-5.138705297014463103e-01,-3.965205554852475611e-01,-1.674665504753206913e-01
1.250000000000000000e+00,5.911804838449795652e-01,-6.310776294998117486e-02,-5.929261689107502287e-01,1.202638491501945572e-01
1.379999999999999893e+00,6.926904369228398251e-01,5.384184438990800015e-01,-2.662394381217101369e-01,3.953693118413758589e-01
-5.100000000000000089e-01,7.760734745420629910e-01,-2.746998589749620745e-01,2.493668796451676828e-01,6.084302664902009328e-01
3.099999999999999978e-01,8.349669237740164895e-01,-2.364182875060483469e-01,5.527772961390844397e-01,6.976213361708248906e-01
2.999999999999999889e-01,8.639114941828660577e-01,2.854803717759546444e-01,3.827815595476086741e-01,6.113819333383377908e-01
2.999999999999999889e-01,8.612706214361967039e-01,3.090475915920412619e-04,-1.843080896092839094e-01,3.394760400920207588e-01
2.899999999999999800e-01,8.275740273071465758e-01,3.561106829490282705e-02,-6.195956114671811177e-01,-6.314688541223954787e-02
-6.700000000000000400e-01,7.671357327126631098e-01,-4.587843523303991589e-01,-3.856879432284033293e-01,-4.798955344821040914e-01
-9.200000000000000400e-01,6.852813058828599591e-01,5.882449596519019330e-01,3.031491326402331876e-01,-7.720482932570997825e-01
1.700000000000000122e-01,5.901186226595660500e-01,-1.317805643516991310e-01,6.001994590041738187e-01,-8.308716901208853534e-01
3.499999999999999778e-01,4.896164666948949473e-01,-2.552169929316270292e-01,1.634179831956818485e-01,-6.261129742218116689e-01
1.870000000000000107e+00,3.926770123772626575e-01,-6.943437747161056335e-03,-3.725945060416555044e-01,-2.225222146807063206e-01
1.169999999999999929e+00,3.062387973982946265e-01,5.520056542905743546e-01,-3.753295916758524475e-01,2.469268322426299567e-01
4.600000000000000200e-01,2.364907287982470074e-01,-6.587719864249415025e-01,-2.377022689834315874e-02,6.293923706255565298e-01
7.000000000000000666e-02,1.868300327962368612e-01,2.000848397948862545e-01,2.282965904552271552e-01,8.115858235607855686e-01
-2.000000000000000111e-01,1.584357320090680199e-01,3.771424549177619379e-01,3.010319655749808532e-01,7.538148980703668345e-01
-9.200000000000000400e-01,1.502652881173606458e-01,-6.026902977341216383e-01,1.951221007645047301e-01,4.934842156274626968e-01
-6.700000000000000400e-01,1.588562528060771806e-01,3.691685122818161857e-01,-2.002430009672671873e-01,1.213918739112617856e-01
4.000000000000000083e-02,1.801430116808507842e-01,4.455352725294570160e-02,-5.740124763298668498e-01,-2.568085668210050576e-01
-9.200000000000000400e-01,2.077605083640527983e-01,-2.484546607163878873e-01,-3.027038778407279973e-01,-5.507428975409748295e-01
-3.900000000000000133e-01,2.369111943881609395e-01,8.737687972868303510e-02,4.556170032142943804e-01,-7.040068577175745412e-01
1.199999999999999956e-01,2.617777420833535817e-01,2.906244665158238538e-01,7.132074527472265224e-01,-6.939881866241650599e-01
1.110000000000000098e+00,2.795272036494128032e-01,-5.288509771035766471e-01,1.329868247568390949e-01,-5.298587986482208301e-01
1.600000000000000089e+00,2.871972492148854306e-01,3.293503902875430378e-01,-4.746452460316306632e-01,-2.450172138703660685e-01
1.429999999999999938e+00,2.846544198842887452e-01,1.548164063729756124e-01,-4.845814836492446376e-01,1.044078549092110203e-01
1.169999999999999929e+00,2.728027602354111680e-01,-3.633207337434927742e-01,-1.653903319141648565e-01,4.433402221720222358e-01
6.199999999999999956e-01,2.541776602282316277e-01,5.367788712711830945e-02,1.499054987186486942e-01,6.921952371459633158e-01
7.000000000000000666e-02,2.327245534187833143e-01,3.655314271797505121e-01,4.186682727272381110e-01,7.806709638062585555e-01
1.199999999999999956e-01,2.115916539480074410e-01,-4.227764271132187779e-01,3.931643182038674356e-01,6.747835545176925631e-01
6.899999999999999467e-01,1.953880551031894619e-01,1.244513539052643503e-01,-7.656965991452538423e-02,3.884087633428263686e-01
-5.100000000000000089e-01,1.864782485757636166e-01,2.729068862792312644e-01,-4.636355793050812024e-01,-1.343408380277007902e-02
5.200000000000000178e-01,1.882669714222847679e-01,-5.633544458204026162e-01,-2.901337464436045677e-01,-4.281880383831218606e-01
1.700000000000000122e-01,2.008787540730457843e-01,5.972538006853883585e-01,9.557182793029118939e-02,-7.458431700989418545e-01
3.800000000000000044e-01,2.251016866588984033e-01,-3.536218123901090360e-01,2.369606298669871269e-01,-8.755834477228675583e-01
5.600000000000000533e-01,2.591298623475140062e-01,1.679041165366770144e-02,2.216801343974337812e-01,-7.751875516176197634e-01
1.389999999999999902e+00,3.012863956847379177e-01,1.973357471012050501e-01,1.121315911559035844e-01,-4.613522200172858190e-01
1.479999999999999982e+00,3.480612061045517680e-01,-2.106555757670413032e-01,-2.108638486879210461e-01,-1.039963937592111066e-02
1.320000000000000062e+00,3.965249861876747883e-01,7.209432287523788452e-02,-4.143742743365926851e-01,4.598893026467595901e-01
1.070000000000000062e+00,4.431482424164483458e-01,1.315517507081118143e-01,-6.435135647012521498e-02,8.191432926270154624e-01
1.139999999999999902e+00,4.848902632776952437e-01,-3.312774361850623905e-01,4.429938063541415949e-01,9.597996782617487233e-01
-5.100000000000000089e-01,5.182286080015100493e-01,4.813779456747717123e-01,3.784659269778175572e-01,8.329097340276643280e-01
-5.100000000000000089e-01,5.412114894797838138e-01,-4.432644403901895847e-01,-1.539021364345306842e-01,4.647490749546609456e-01
3.800000000000000044e-01,5.518648923289618535e-01,1.220854838349383215e-01,-4.513427140150104711e-01,-4.148858716659003382e-02
3.400000000000000244e-01,5.499162668412665989e-01,2.037410187655671057e-01,-2.424086412453863582e-01,-5.385941165510604867e-01
7.000000000000000666e-02,5.349578369597021155e-01,-1.003419282431774334e-01,1.711325364116851044e-01,-8.788263252540107207e-01
1.000000000000000021e-02,5.084093662405799741e-01,-2.867419031556389664e-01,4.074276513570262437e-01,-9.638001034695743430e-01
9.399999999999999467e-01,4.719565902832682514e-01,3.159987363648960046e-01,2.557542089824291209e-01,-7.777053469774251049e-01
1.909999999999999920e+00,4.285503130988602138e-01,1.586417951264268711e-01,-1.818583988055859357e-01,-3.861868729487875074e-01
1.689999999999999947e+00,3.822508718774763059e-01,-5.158603563199652964e-01,-4.476624294826268002e-01,8.685444340186380952e-02
1.209999999999999964e+00,3.368649094474820416e-01,3.640702304909732567e-01,-2.109821802551290482e-01,5.083038430502604399e-01
-2.000000000000000111e-01,2.967157368566006315e-01,-6.154746859427890487e-02,2.219294301402534864e-01,7.745332190656576410e-01
2.200000000000000011e-01,2.646370384451034452e-01,1.796499063533537818e-02,3.205688466060999109e-01,8.376429791385509027e-01
8.699999999999999956e-01,2.447197094282316521e-01,-9.205112700559146821e-02,1.226786477149647558e-01,7.051163223672581859e-01
9.100000000000000311e-01,2.387058145793140573e-01,1.406649507802165168e-02,2.281381748889311362e-02,4.232611632581533279e-01
-9.200000000000000400e-01,2.473610333746480705e-01,1.374307481759467486e-01,-4.282860257361364303e-02,5.904309109160253005e-02
1.000000000000000021e-02,2.684829163678569830e-01,-1.117039241619736528e-01,-3.465223941951763864e-01,-3.161249524647185005e-01
1.199999999999999956e-01,2.993458850926806747e-01,-9.097099685749951425e-02,-4.840189685847415824e-01,-6.281393458568325094e-01
-5.100000000000000089e-01,3.361526556210328587e-01,1.814569559218505712e-01,9.126524501239315079e-02,-8.082490511211645190e-01
1.340000000000000080e+00,3.737645133597414238e-01,7.162232621113423514e-02,7.866307447068868752e-01,-8.005001860498783817e-01
1.409999999999999920e+00,4.061927256267817699e-01,-4.989334765546258876e-01,5.339811347710062828e-01,-5.841795380438995489e-01
1.129999999999999893e+00,4.275979931984964511e-01,6.696282757994557189e-01,-4.100930963004751906e-01,-1.937109861400586608e-01
8.399999999999999689e-01,4.337592057580806904e-01,-3.979295466889015698e-01,-7.951931918032185687e-01,2.759967858791939621e-01
1.149999999999999911e+00,4.224704820465600141e-01,1.513234286771191102e-02,-2.570176603029034612e-01,6.861511905003779832e-01
-6.700000000000000400e-01,3.925711162225536399e-01,3.679716458817205993e-02,4.390245066173915633e-01,9.024818268292865708e-01
6.800000000000000488e-01,3.459255033007416769e-01,2.085382984459069888e-01,6.134501092795558996e-01,8.440778040942942262e-01
7.099999999999999645e-01,2.853991896042548659e-01,-2.619365100310273031e-01,1.732079886313054873e-01,5.244691534891308127e-01
-5.100000000000000089e-01,2.176627045893941848e-01,-5.800124061032600059e-02,-4.976342716843081271e-01,4.939645474170038797e-02
-5.100000000000000089e-01,1.490722691828354762e-01,2.193811184497751754e-01,-6.503416479286165952e-01,-4.207246366637698021e-01
-2.899999999999999800e-01,8.807204222405920491e-02,1.904176869019894303e-01,3.741303044891634844e-02,-7.323837283138878718e-01
7.000000000000000666e-02,4.118943551849558321e-02,-6.036145788280605773e-01,7.461445723051608470e-01,-7.984694103631403417e-01
5.300000000000000266e-01,1.449871277575464495e-02,3.321420971413808210e-01,5.198237400165708344e-01,-6.210512815444615420e-01
1.790000000000000036e+00,1.166950150873250457e-02,2.191517605460837625e-01,-3.167350152133669439e-01,-2.835260912907193731e-01
1.250000000000000000e+00,3.392636886718727179e-02,-2.634975946244145217e-01,-7.032604984467465403e-01,9.531349941487592126e-02
1.379999999999999893e+00,8.021416277585084742e-02,-1.173697674244340156e-02,-3.293277816608307096e-01,4.054264560296410025e-01
3.499999999999999778e-01,1.454413492090187721e-01,2.545049180931018701e-02,2.601322138891698499e-01,5.789164674413606049e-01
6.300000000000000044e-01,2.230803839770741925e-01,9.850181592356392624e-02,5.328400401959773047e-01,5.976088591193811084e-01
6.400000000000000133e-01,3.041644398040971309e-01,-3.299981445753832204e-02,3.434744437219434676e-01,4.784347470601325591e-01
-9.200000000000000400e-01,3.803435960810505612e-01,-6.804165762324997091e-02,-1.191719225107497615e-01,2.594930693430585467e-01
3.599999999999999867e-01,4.427351702819024015e-01,1.396254633943143364e-01,-4.375187157848535735e-01,-1.510724046426119814e-02
-3.900000000000000133e-01,4.834311249152125622e-01,-3.222080397307049981e-01,-3.272921888065897789e-01,-2.929628097034260858e-01
-5.999999999999999778e-02,4.971120244284312206e-01,3.402695141809139456e-01,4.262091138695667941e-02,-5.162779609562913041e-01
-2.899999999999999800e-01,4.808648767521447320e-01,3.916062522096640242e-02,2.934972701214025870e-01,-6.259230593287387068e-01
1.510000000000000009e+00,4.362729792479855262e-01,-1.962807920414625096e-01,2.725682938809321221e-01,-5.783854908518781812e-01
9.599999999999999645e-01,3.660104581750879271e-01,-3.564230917690957012e-01,6.528079001983684571e-02,-3.680604840665293587e-01
1.479999999999999982e+00,2.774524197348715582e-01,8.699138694319874521e-01,-1.996716379996660851e-01,-3.719600008555121184e-02
1.389999999999999902e+00,1.781848129368449052e-01,-4.673990021415836971e-01,-3.288122113661680057e-01,3.243193560898703920e-01
-6.700000000000000400e-01,7.931285273414764858e-02,-4.119438036112695878e-01,-1.124582441818550715e-01,6.093225957102338386e-01
-6.700000000000000400e-01,-1.043525622025138697e-02,7.784968454023853957e-01,3.155428046462613878e-01,7.257338561545129130e-01
-9.200000000000000400e-01,-8.082099783985663422e-02,-4.434261703849080583e-01,4.332898377496390285e-01,6.332739713831349038e-01
4.000000000000000083e-02,-1.257451327307758104e-01,-6.548245661549607910e-02,-1.409201222788167458e-02,3.593527179699054774e-01
1.000000000000000021e-02,-1.391650310296747017e-01,2.461593040532545351e-01,-5.373296202906427954e-01,-1.196205064504814522e-02
-5.100000000000000089e-01,-1.208024447352515074e-01,1.104433496578565849e-01,-4.543144511428600096e-01,-3.649203592721818601e-01
-6.700000000000000400e-01,-7.067797564919621467e-02,-7.254572655467281805e-01,2.010581472493375987e-01,-5.977581840282197856e-01
-2.000000000000000111e-01,5.671612124105521353e-03,9.041960966461751736e-01,6.827620091525272716e-01,-6.506781526396681059e-01
8.699999999999999956e-01,1.029473460727722556e-01,-3.299245107923080567e-01,4.387297283044030993e-01,-5.252972145911183333e-01
1.389999999999999902e+00,2.113585958533645281e-01,-3.768054836662779739e-01,-2.751393153291471494e-01,-2.769556040147790887e-01
1.209999999999999964e+00,3.230552568744475828e-01,4.523555291956768976e-01,-7.270885415325577528e-01,1.246227552261197462e-02
1.320000000000000062e+00,4.287194073645149150e-01,-5.714450295686838120e-03,-4.655953636124608441e-01,2.606569805609288415e-01
5.899999999999999689e-01,5.217880344712398921e-01,-2.370264079638248200e-01,2.597603188018225429e-01,4.146874285778050506e-01
5.500000000000000444e-01,5.963513154937534200e-01,-1.265774777935493173e-02,7.222022482588278391e-01,4.557013107020472797e-01
5.699999999999999512e-01,6.497190178882953360e-01,3.511184080587446688e-01,4.459071392700242331e-01,3.955800457477239296e-01
5.899999999999999689e-01,6.822496486566703711e-01,-3.630652233395302297e-01,-2.373708401065336704e-01,2.634008329965495387e-01
6.099999999999999867e-01,6.959615708943762691e-01,2.023252338848685328e-01,-5.721667768918993202e-01,9.061208139684104323e-02
-3.900000000000000133e-01,6.953376238784785279e-01,-2.530968043721293359e-01,-3.163868733093838648e-01,-9.115745347452353098e-02
-9.200000000000000400e-01,6.849248815568786952e-01,4.085262523592872452e-01,1.022737362080013285e-01,-2.514328159079963210e-01
-2.899999999999999800e-01,6.711374657408397670e-01,-1.724084294464646450e-01,3.173393424261759521e-01,-3.577408408799145345e-01
8.399999999999999689e-01,6.582642416350834580e-01,-4.624624066799565836e-01,3.158551021414982007e-01,-3.795673675271570291e-01
1.860000000000000098e+00,6.499387463093857509e-01,8.441437984922545157e-01,8.674925534544505878e-02,-3.006031782635494864e-01
1.290000000000000036e+00,6.473941933882346733e-01,-5.883973924424010793e-01,-2.993139132883712583e-01,-1.313091717350524101e-01
7.900000000000000355e-01,6.507160335349921887e-01,1.370863161539493669e-01,-4.122122090345426426e-01,8.549809398928104320e-02
5.899999999999999689e-01,6.577944208551904648e-01,-9.149405544535139934e-02,-7.126292361605460202e-03,2.825933351683650452e-01
-9.200000000000000400e-01,6.646444657330334849e-01,4.600451491772610813e-01,4.263890041292033861e-01,3.928245843754624156e-01
3.800000000000000044e-01,6.674638756748771939e-01,-7.280777044529870290e-01,3.262632093847434023e-01,3.752453891268257569e-01
3.800000000000000044e-01,6.624520281619216133e-01,4.845830418336476431e-01,-1.308755125796732532e-01,2.333823977544886297e-01
3.699999999999999956e-01,6.472005503507949342e-01,1.131402486693655757e-01,-3.934264674205931733e-01,1.611065882887141934e-02
-9.200000000000000400e-01,6.194401971092794446e-01,-4.965510040612191034e-01,-2.552346399950086719e-01,-2.040921418475909466e-01
-5.999999999999999778e-02,5.802140681652673271e-01,4.278916714174006430e-01,9.317278244007354271e-02,-3.566977372461504481e-01
-3.900000000000000133e-01,5.320589487922374738e-01,-2.488064883595785259e-01,3.358451403211144548e-01,-3.992572226451332473e-01
2.600000000000000089e-01,4.800148503963132529e-01,2.230514903252334702e-01,2.657249669487689592e-01,-3.263415105096316160e-01
1.389999999999999902e+00,4.283020563483686538e-01,-1.577001887355843901e-01,-1.280909960054481961e-02,-1.637937316919245989e-01
1.909999999999999920e+00,3.831722749273031581e-01,-2.221589777403288127e-02,-2.169332184169829036e-01,4.324230591351984482e-02
8.900000000000000133e-01,3.492314623511199034e-01,7.321518449932944150e-02,-2.409063000534691079e-01,2.459620360704962427e-01
1.000000000000000021e-02,3.312534827577385821e-01,1.066583690678836287e-02,-1.361875050635979745e-01,3.978519297334790483e-01
5.799999999999999600e-01,3.298603577054062264e-01,3.702672479905350783e-02,6.707649105200862161e-02,4.611942099742700751e-01
2.200000000000000011e-01,3.453986057286333455e-01,-1.298147261356732696e-01,2.363474922560073466e-01,4.109080993879549171e-01
-9.200000000000000400e-01,3.742873760950325424e-01,-1.236487907914908535e-02,1.928001988617298879e-01,2.438710160252926251e-01
-5.100000000000000089e-01,4.124713824723866273e-01,2.369859952408527592e-01,3.326759340410217342e-02,-1.181533532386788363e-02
-6.700000000000000400e-01,4.534412657499251043e-01,-2.203243112560506201e-01,-6.514340507372126665e-02,-2.959728203304434757e-01
-5.100000000000000089e-01,4.913996912269792405e-01,8.392841198450799733e-02,-1.845386571958957667e-01,-5.256567078061076259e-01
-1.199999999999999956e-01,5.202574088169495958e-01,-7.038737601940807387e-02,-2.835874254861348587e-01,-6.231268033234619308e-01
2.999999999999999889e-01,5.349595412316201504e-01,4.077384078418380686e-02,-3.329799348559846217e-02,-5.436391309931182247e-01
1.750000000000000000e+00,5.332391139443211081e-01,1.457119169911749723e-01,4.103029461854695303e-01,-2.989544145915835616e-01
1.850000000000000089e+00,5.144909635700285477e-01,-2.217566531879592850e-01,3.324274106891046965e-01,4.180580220973771632e-02
1.310000000000000053e+00,4.812577857920745661e-01,2.686411293335935410e-02,-2.900563507915201455e-01,3.757941809584453563e-01
3.800000000000000044e-01,4.360266385012966928e-01,1.236078455453792357e-01,-4.952191406230929682e-01,6.014196133963640722e-01
5.000000000000000000e-01,3.844548947211962608e-01,-2.165874465052003428e-02,1.265063752460701685e-01,6.571593299922785514e-01
5.000000000000000000e-01,3.312855693243909050e-01,-2.655105061689825782e-02,6.299796766899946610e-01,5.382784634850689143e-01
-6.700000000000000400e-01,2.825586495930562103e-01,-1.929568678027178963e-01,1.496437462294912812e-01,2.930409054158075732e-01
7.000000000000000666e-02,2.414784697880514863e-01,3.202946325902698566e-01,-6.776988613938571548e-01,-1.965483480878602637e-03
1.000000000000000021e-02,2.109331490594675562e-01,2.822263669949736514e-02,-5.977613964710591921e-01,-2.725236380219318577e-01
-2.899999999999999800e-01,1.913340145193561659e-01,-5.739208493545597811e-01,3.579712452997473315e-01,-4.665461425987645905e-01
-1.199999999999999956e-01,1.824760882379604932e-01,7.011967795800263525e-01,8.609380518800007209e-01,-5.604604326467417241e-01
1.409999999999999920e+00,1.824101187210524222e-01,-3.116217534725730376e-01,2.432415260732454787e-01,-5.491210026565811475e-01
9.399999999999999467e-01,1.881391361465588052e-01,-2.338023810998299951e-02,-5.811276262960400896e-01,-4.363093269224954107e-01
1.439999999999999947e+00,1.967935764145110067e-01,-1.687291325591079583e-01,-5.835158195394891667e-01,-2.304829692315804313e-01
8.399999999999999689e-01,2.056204567624800861e-01,6.068054235870846691e-01,-1.827428095209720615e-03,4.750860895760430219e-02
5.899999999999999689e-01,2.138744394097513712e-01,-5.982674278306325810e-01,3.598836776559174999e-01,3.523766204849834160e-01
-9.200000000000000400e-01,2.205443850230128511e-01,5.157425798111806015e-02,3.125331630643398695e-01,6.128155888213574487e-01
1.799999999999999933e-01,2.271880226819702475e-01,3.106481173534119677e-01,1.219073207855607965e-01,7.437997650030536700e-01
1.499999999999999944e-01,2.345565683711747784e-01,4.508359134735784139e-03,-1.111968540499256169e-01,6.791141237964788413e-01
-9.200000000000000400e-01,2.462973615289143214e-01,-4.025617562354218970e-01,-3.399197686586585831e-01,4.048138188640799662e-01
-1.400000000000000133e-01,2.640507069616893077e-01,1.145475899801748493e-01,-3.144908368418511957e-01,-2.107820252288521851e-02
-5.500000000000000444e-01,2.909472798558802586e-01,4.681945823719740329e-01,9.041964363728707821e-02,-4.758706371194890150e-01
2.999999999999999889e-01,3.265417743223823499e-01,-3.798411575631482906e-01,4.922438670789053838e-01,-8.123558958904174565e-01
6.600000000000000311e-01,3.714332049189540963e-01,-2.714908768422659158e-01,3.617171149476154923e-01,-9.109644334570391466e-01
1.310000000000000053e+00,4.231056003311000624e-01,5.118961558646196730e-01,-2.064052311807686724e-01,-7.277954727591170458e-01
9.100000000000000311e-01,4.792620579989050889e-01,-1.629374687423678081e-01,-5.240881364997359571e-01,-3.142809471425561663e-01
1.280000000000000027e+00,5.349927905129515660e-01,-4.307145078810962341e-02,-2.504312977788949457e-01,2.005751432555757940e-01
-3.499999999999999778e-01,5.857941979898902973e-01,-6.255382676314873158e-02,2.138247226228968678e-01,6.539609894851441396e-01
-7.000000000000000666e-02,6.267609373792263350e-01,-4.307619751209159492e-02,3.907617425702015201e-01,9.065288838184354381e-01
-3.099999999999999978e-01,6.536687198806070409e-01,3.379552747175936789e-01,2.170021264538656569e-01,8.857590042374318129e-01
