sl.no.,Original Signal,Approximation,D 1,D 2,D 3,D 4,D 5,D 6
1,-0.02,-0.05,0.08,0.11,-1.20,-0.10,-0.13,0.11
2,0.40,-0.05,-0.26,0.56,-1.09,-0.28,-0.12,0.11
3,0.91,-0.04,0.15,0.58,-0.69,-0.40,-0.10,0.11
4,1.20,-0.04,0.16,0.34,-0.15,-0.44,-0.06,0.11
5,1.18,-0.04,-0.01,0.06,0.37,-0.38,-0.01,0.12
6,1.04,-0.03,-0.10,-0.08,0.79,-0.23,0.02,0.14
7,0.71,-0.04,-0.02,-0.19,1.04,-0.03,0.04,0.15
8,0.34,-0.04,-0.01,-0.44,1.05,0.17,0.05,0.16
9,-0.31,-0.04,0.04,-0.46,0.79,0.30,0.03,0.17
10,-1.28,-0.03,0.01,-0.04,0.26,0.32,-0.01,0.17
11,-1.02,-0.03,-0.27,0.35,-0.43,0.25,-0.05,0.16
12,-0.66,-0.02,0.20,0.38,-1.02,0.11,-0.09,0.15
13,0.03,-0.02,0.08,0.18,-1.30,-0.04,-0.10,0.15
14,0.71,-0.01,0.02,0.00,-1.16,-0.18,-0.08,0.14
15,1.22,-0.01,0.00,-0.02,-0.63,-0.27,-0.04,0.13
16,1.38,-0.01,0.00,-0.11,0.05,-0.29,0.01,0.13
17,1.34,-0.01,-0.06,-0.40,0.63,-0.24,0.06,0.14
18,1.25,-0.01,-0.05,-0.46,0.93,-0.11,0.10,0.15
19,0.94,-0.01,0.03,-0.15,0.90,0.07,0.12,0.16
20,0.33,-0.01,0.03,0.21,0.58,0.24,0.12,0.17
21,-0.68,-0.01,0.01,0.44,0.18,0.35,0.10,0.17
22,-1.47,-0.01,-0.12,0.48,-0.14,0.36,0.05,0.16
23,-1.95,0.00,-0.02,0.28,-0.27,0.28,-0.01,0.15
24,-1.65,0.00,-0.02,-0.02,-0.16,0.16,-0.07,0.13
25,-0.54,0.01,0.04,-0.18,0.08,0.02,-0.10,0.11
26,0.12,0.01,0.26,-0.13,0.30,-0.10,-0.10,0.09
27,0.59,0.02,-0.04,-0.04,0.37,-0.18,-0.08,0.08
28,0.85,0.02,-0.10,-0.10,0.20,-0.21,-0.04,0.07
29,1.01,0.02,-0.05,-0.30,-0.18,-0.15,-0.01,0.07
30,0.96,0.02,0.02,-0.50,-0.59,-0.03,0.02,0.07
31,0.66,0.02,0.02,-0.38,-0.91,0.14,0.03,0.07
32,0.22,0.02,-0.02,0.15,-0.96,0.28,0.02,0.07
33,-0.37,0.02,0.00,0.63,-0.72,0.36,0.00,0.06
34,-1.04,0.02,0.00,0.62,-0.28,0.34,-0.05,0.05
35,-1.60,0.03,-0.03,0.31,0.24,0.23,-0.10,0.03
36,-1.25,0.03,-0.12,0.02,0.70,0.05,-0.14,0.01
37,-0.40,0.03,0.10,-0.15,1.03,-0.16,-0.16,-0.02
38,0.41,0.03,0.16,-0.20,1.18,-0.39,-0.14,-0.04
39,0.81,0.04,0.05,-0.16,1.08,-0.59,-0.10,-0.05
40,0.97,0.04,-0.10,-0.10,0.68,-0.72,-0.03,-0.06
41,0.96,0.03,-0.07,-0.17,0.04,-0.75,0.02,-0.07
42,0.90,0.03,-0.02,-0.38,-0.69,-0.68,0.07,-0.06
43,0.57,0.02,0.05,-0.38,-1.26,-0.51,0.10,-0.06
44,0.00,0.02,0.01,0.04,-1.46,-0.28,0.10,-0.06
45,-0.74,0.02,-0.03,0.51,-1.24,-0.01,0.08,-0.07
46,-1.31,0.01,-0.06,0.61,-0.69,0.26,0.05,-0.08
47,-1.60,0.01,-0.01,0.34,-0.01,0.50,0.00,-0.09
48,-1.51,0.02,0.02,0.00,0.60,0.66,-0.05,-0.11
49,-0.92,0.02,0.01,-0.17,1.03,0.76,-0.07,-0.13
50,-0.19,0.02,0.08,-0.15,1.24,0.76,-0.07,-0.15
51,0.44,0.02,0.05,-0.13,1.17,0.68,-0.04,-0.16
52,0.78,0.02,0.00,-0.18,0.83,0.52,0.00,-0.17
53,0.97,0.01,-0.06,-0.25,0.26,0.30,0.04,-0.16
54,0.96,0.01,-0.02,-0.27,-0.43,0.04,0.06,-0.16
55,0.82,0.01,-0.01,-0.19,-1.00,-0.19,0.06,-0.15
56,0.40,0.00,0.03,0.03,-1.25,-0.35,0.04,-0.14
57,-0.20,0.00,-0.01,0.31,-1.12,-0.44,-0.01,-0.13
58,-0.89,-0.01,-0.02,0.46,-0.66,-0.43,-0.06,-0.13
59,-1.55,-0.01,-0.02,0.36,-0.05,-0.35,-0.12,-0.14
60,-1.51,-0.01,-0.10,0.13,0.51,-0.21,-0.16,-0.15
61,-0.34,-0.01,-0.04,-0.07,0.90,-0.02,-0.17,-0.16
62,0.29,-0.01,0.35,-0.15,1.06,0.17,-0.15,-0.17
63,0.83,-0.01,-0.03,-0.13,0.98,0.32,-0.10,-0.17
64,1.01,-0.01,-0.08,-0.08,0.65,0.36,-0.04,-0.16
65,1.05,-0.02,-0.07,-0.14,0.14,0.30,0.03,-0.15
66,1.14,-0.03,-0.04,-0.41,-0.46,0.15,0.08,-0.14
67,0.78,-0.04,0.10,-0.50,-0.96,-0.04,0.11,-0.11
68,0.29,-0.04,-0.03,-0.05,-1.19,-0.23,0.12,-0.10
69,-0.59,-0.05,0.01,0.52,-1.09,-0.38,0.11,-0.08
70,-1.10,-0.06,-0.12,0.65,-0.71,-0.48,0.10,-0.08
71,-1.43,-0.06,0.03,0.38,-0.17,-0.49,0.08,-0.08
72,-1.82,-0.06,0.10,0.03,0.39,-0.42,0.08,-0.08
73,-1.15,-0.06,-0.17,-0.14,0.85,-0.26,0.10,-0.08
74,-0.37,-0.06,0.15,-0.11,1.13,-0.06,0.14,-0.08
75,0.17,-0.06,0.13,-0.12,1.17,0.12,0.20,-0.08
76,0.35,-0.07,-0.03,-0.22,0.91,0.23,0.26,-0.07
77,0.46,-0.07,-0.12,-0.24,0.39,0.26,0.29,-0.05
78,0.50,-0.08,-0.03,-0.21,-0.30,0.20,0.29,-0.03
79,0.36,-0.08,0.04,-0.25,-0.92,0.10,0.27,-0.01
80,-0.06,-0.09,0.03,-0.12,-1.24,-0.01,0.21,0.01
81,-0.66,-0.09,-0.03,0.29,-1.19,-0.09,0.14,0.03
82,-1.07,-0.10,-0.07,0.55,-0.77,-0.13,0.07,0.04
83,-1.31,-0.10,0.01,0.41,-0.18,-0.11,-0.01,0.04
84,-1.39,-0.10,0.04,0.10,0.41,-0.02,-0.06,0.03
85,-0.68,-0.10,-0.09,-0.10,0.85,0.12,-0.09,0.03
86,-0.03,-0.10,0.15,-0.11,1.07,0.29,-0.10,0.02
87,0.40,-0.10,0.07,-0.12,1.06,0.41,-0.09,0.02
88,0.65,-0.10,-0.06,-0.18,0.78,0.46,-0.10,0.03
89,0.67,-0.11,-0.04,-0.21,0.29,0.39,-0.11,0.04
90,0.59,-0.12,-0.03,-0.23,-0.32,0.24,-0.15,0.06
91,0.34,-0.12,0.01,-0.23,-0.88,0.04,-0.20,0.07
92,-0.15,-0.13,0.02,-0.03,-1.19,-0.17,-0.25,0.09
93,-0.89,-0.13,0.00,0.31,-1.16,-0.34,-0.28,0.10
94,-1.82,-0.14,-0.02,0.45,-0.81,-0.44,-0.30,0.10
95,-2.22,-0.14,-0.12,0.33,-0.26,-0.46,-0.29,0.10
96,-1.76,-0.14,-0.04,0.09,0.30,-0.40,-0.25,0.09
97,-0.55,-0.14,0.09,-0.10,0.75,-0.25,-0.19,0.08
98,0.14,-0.13,0.27,-0.14,1.01,-0.06,-0.11,0.07
99,0.73,-0.13,-0.08,-0.06,1.02,0.13,-0.03,0.07
100,1.01,-0.13,-0.08,-0.04,0.77,0.25,0.02,0.07
101,1.02,-0.13,-0.03,-0.27,0.33,0.27,0.06,0.08
102,0.97,-0.14,-0.04,-0.55,-0.21,0.21,0.07,0.10
103,0.66,-0.14,0.03,-0.43,-0.70,0.09,0.07,0.11
104,0.18,-0.14,0.00,0.15,-0.95,-0.03,0.08,0.13
105,-0.57,-0.14,0.01,0.63,-0.92,-0.13,0.10,0.13
106,-1.47,-0.14,-0.02,0.65,-0.63,-0.19,0.12,0.13
107,-1.39,-0.13,-0.19,0.36,-0.17,-0.19,0.16,0.12
108,-0.40,-0.13,0.04,0.01,0.32,-0.11,0.20,0.11
109,0.15,-0.12,0.33,-0.23,0.74,0.03,0.24,0.09
110,0.64,-0.12,-0.04,-0.23,1.00,0.22,0.26,0.08
111,1.14,-0.11,-0.13,-0.08,1.00,0.38,0.27,0.07
112,1.37,-0.11,0.02,-0.10,0.70,0.46,0.25,0.07
113,1.56,-0.11,-0.03,-0.44,0.14,0.45,0.20,0.07
114,1.36,-0.11,0.04,-0.55,-0.56,0.35,0.13,0.08
115,1.08,-0.11,-0.05,-0.08,-1.12,0.17,0.06,0.09
116,0.70,-0.12,-0.02,0.45,-1.34,-0.02,0.01,0.10
117,-0.05,-0.12,0.06,0.54,-1.14,-0.20,-0.02,0.10
118,-0.66,-0.11,-0.08,0.36,-0.59,-0.34,-0.03,0.10
119,-1.82,-0.11,0.10,0.16,0.10,-0.41,-0.03,0.09
120,-3.01,-0.11,-0.06,-0.01,0.71,-0.42,-0.03,0.07
121,-1.07,-0.10,-0.55,-0.11,1.15,-0.35,-0.02,0.05
122,0.01,-0.10,0.72,-0.16,1.28,-0.22,-0.03,0.04
123,0.56,-0.09,0.19,-0.18,1.11,-0.09,-0.04,0.02
124,0.82,-0.09,-0.26,-0.04,0.65,0.01,-0.06,0.02
125,0.90,-0.09,-0.14,0.16,-0.03,0.04,-0.10,0.01
126,0.97,-0.09,-0.02,-0.20,-0.70,0.01,-0.14,0.02
127,0.77,-0.09,0.07,-0.88,-1.15,-0.04,-0.18,0.03
128,0.20,-0.09,0.03,-0.57,-1.24,-0.09,-0.19,0.03
129,-0.50,-0.09,-0.06,0.53,-0.95,-0.11,-0.18,0.03
130,-1.25,-0.08,-0.03,1.01,-0.45,-0.10,-0.14,0.03
131,-1.60,-0.07,-0.06,0.66,0.08,-0.05,-0.10,0.02
132,-1.51,-0.07,0.02,0.14,0.53,0.04,-0.06,0.00
133,-0.76,-0.06,0.01,-0.19,0.82,0.17,-0.02,-0.03
134,0.09,-0.05,0.12,-0.24,1.03,0.31,0.00,-0.05
135,0.73,-0.04,0.07,-0.18,1.10,0.40,0.00,-0.07
136,0.92,-0.04,-0.01,-0.19,0.89,0.41,-0.01,-0.08
137,0.95,-0.04,-0.10,-0.27,0.44,0.31,-0.04,-0.09
138,0.90,-0.04,-0.05,-0.36,-0.30,0.14,-0.08,-0.09
139,0.69,-0.03,0.03,-0.30,-1.08,-0.05,-0.12,-0.08
140,0.14,-0.03,0.05,-0.01,-1.55,-0.22,-0.14,-0.07
141,-0.87,-0.03,0.01,0.40,-1.59,-0.35,-0.13,-0.07
142,-1.65,-0.03,-0.13,0.61,-1.13,-0.41,-0.11,-0.07
143,-1.65,-0.02,-0.10,0.44,-0.33,-0.39,-0.08,-0.08
144,-1.39,-0.02,0.15,0.07,0.45,-0.29,-0.05,-0.09
145,-0.49,-0.01,0.01,-0.18,1.07,-0.12,-0.03,-0.10
146,0.32,0.00,0.11,-0.14,1.39,0.08,-0.01,-0.12
147,0.75,0.00,0.05,-0.04,1.36,0.23,-0.01,-0.13
148,1.06,0.01,-0.10,-0.17,1.03,0.30,-0.02,-0.14
149,1.16,0.01,-0.04,-0.42,0.44,0.27,-0.05,-0.14
150,1.08,0.01,0.00,-0.46,-0.29,0.15,-0.07,-0.14
151,0.81,0.01,0.00,-0.22,-0.94,0.00,-0.09,-0.12
152,0.24,0.01,0.02,0.19,-1.29,-0.14,-0.09,-0.11
153,-0.37,0.01,-0.04,0.55,-1.24,-0.24,-0.06,-0.10
154,-1.28,0.01,0.04,0.56,-0.83,-0.26,-0.01,-0.09
155,-2.49,0.02,0.01,0.29,-0.21,-0.18,0.05,-0.09
156,-1.43,0.02,-0.43,0.02,0.42,-0.03,0.11,-0.09
157,-0.57,0.03,0.44,-0.14,0.92,0.17,0.17,-0.10
158,0.59,0.03,0.11,-0.21,1.18,0.40,0.20,-0.11
159,1.04,0.04,0.06,-0.14,1.15,0.59,0.22,-0.12
160,1.29,0.04,-0.15,0.03,0.77,0.67,0.21,-0.13
161,1.38,0.04,-0.09,-0.13,0.15,0.62,0.19,-0.13
162,1.30,0.04,0.01,-0.62,-0.56,0.44,0.15,-0.12
163,1.08,0.04,0.01,-0.61,-1.12,0.17,0.11,-0.10
164,0.37,0.03,0.06,0.08,-1.31,-0.10,0.09,-0.09
165,-0.30,0.03,-0.09,0.71,-1.12,-0.33,0.09,-0.07
166,-0.92,0.03,-0.02,0.79,-0.62,-0.51,0.10,-0.05
167,-1.35,0.03,0.01,0.43,0.00,-0.60,0.12,-0.04
168,-0.83,0.03,-0.10,-0.02,0.55,-0.60,0.14,-0.03
169,-0.39,0.04,0.20,-0.23,0.99,-0.49,0.15,-0.03
170,0.37,0.04,-0.01,-0.21,1.24,-0.30,0.15,-0.03
171,0.75,0.04,0.06,-0.17,1.21,-0.09,0.13,-0.04
172,1.03,0.04,-0.06,-0.19,0.89,0.05,0.08,-0.04
173,1.18,0.04,-0.04,-0.28,0.24,0.10,0.03,-0.04
174,1.09,0.03,0.01,-0.35,-0.57,0.06,-0.04,-0.04
175,0.92,0.03,-0.02,-0.19,-1.24,-0.01,-0.09,-0.03
176,0.32,0.02,0.05,0.16,-1.56,-0.09,-0.12,-0.02
177,-0.19,0.02,-0.08,0.43,-1.37,-0.14,-0.13,-0.01
178,-0.89,0.02,0.03,0.46,-0.76,-0.17,-0.11,0.00
179,-1.55,0.02,-0.01,0.27,0.00,-0.15,-0.07,0.01
180,-1.82,0.03,-0.06,0.04,0.70,-0.07,-0.04,0.02
181,-0.83,0.03,-0.12,-0.08,1.17,0.08,-0.01,0.02
182,0.00,0.03,0.29,-0.12,1.34,0.24,0.00,0.02
183,0.52,0.04,0.10,-0.15,1.19,0.37,-0.01,0.02
184,0.71,0.04,-0.09,-0.12,0.78,0.42,-0.04,0.02
185,0.77,0.04,-0.11,-0.09,0.16,0.36,-0.09,0.01
186,0.78,0.04,-0.03,-0.28,-0.52,0.21,-0.15,0.01
187,0.54,0.03,0.05,-0.48,-1.05,0.03,-0.20,0.02
188,0.01,0.03,0.02,-0.18,-1.27,-0.14,-0.23,0.03
189,-0.80,0.03,-0.02,0.41,-1.13,-0.26,-0.23,0.04
190,-1.25,0.03,-0.12,0.67,-0.70,-0.31,-0.21,0.06
191,-1.07,0.04,-0.04,0.46,-0.15,-0.29,-0.18,0.07
192,-1.07,0.04,0.20,0.08,0.39,-0.19,-0.15,0.08
193,-0.66,0.05,-0.06,-0.14,0.80,-0.02,-0.13,0.09
194,0.07,0.05,-0.03,-0.12,1.05,0.18,-0.11,0.10
195,0.70,0.05,0.09,-0.10,1.08,0.35,-0.10,0.10
196,0.85,0.05,0.07,-0.28,0.85,0.42,-0.11,0.09
197,0.75,0.05,-0.08,-0.39,0.37,0.37,-0.13,0.09
198,0.79,0.05,-0.11,-0.21,-0.28,0.21,-0.15,0.08
199,0.69,0.05,0.05,-0.01,-0.89,0.01,-0.16,0.08
200,0.22,0.04,0.08,0.07,-1.24,-0.18,-0.15,0.08
201,-0.63,0.04,-0.01,0.23,-1.22,-0.33,-0.10,0.09
202,-1.18,0.05,-0.14,0.44,-0.83,-0.43,-0.02,0.10
203,-1.22,0.05,-0.04,0.36,-0.21,-0.43,0.07,0.11
204,-1.35,0.05,0.16,0.03,0.42,-0.34,0.15,0.13
205,-0.63,0.06,-0.11,-0.18,0.89,-0.15,0.23,0.14
206,0.07,0.06,0.12,-0.09,1.11,0.08,0.29,0.15
207,0.43,0.06,0.10,0.00,1.05,0.28,0.32,0.15
208,0.69,0.07,-0.09,-0.15,0.71,0.40,0.34,0.15
209,0.94,0.07,-0.07,-0.30,0.18,0.40,0.32,0.15
210,1.01,0.06,0.03,-0.29,-0.39,0.31,0.29,0.14
211,0.75,0.06,0.04,-0.20,-0.84,0.16,0.25,0.13
212,0.30,0.06,-0.04,0.03,-1.03,0.00,0.23,0.13
213,-0.13,0.06,-0.05,0.38,-0.92,-0.15,0.23,0.12
214,-0.63,0.06,0.02,0.46,-0.56,-0.25,0.24,0.12
215,-1.60,0.07,0.09,0.24,-0.08,-0.27,0.26,0.13
216,-1.76,0.07,-0.21,0.05,0.40,-0.21,0.27,0.13
217,-0.70,0.08,-0.09,-0.01,0.76,-0.08,0.27,0.13
218,-0.21,0.08,0.40,-0.09,0.95,0.09,0.25,0.13
219,0.75,0.08,-0.11,-0.18,0.92,0.25,0.21,0.13
220,1.01,0.08,0.07,-0.10,0.64,0.33,0.14,0.12
221,1.08,0.08,-0.08,-0.02,0.17,0.33,0.06,0.10
222,1.01,0.08,-0.07,-0.28,-0.39,0.23,-0.03,0.08
223,0.75,0.08,0.01,-0.51,-0.86,0.07,-0.12,0.07
224,0.50,0.08,-0.01,-0.21,-1.07,-0.10,-0.17,0.05
225,-0.55,0.09,0.14,0.30,-0.97,-0.24,-0.20,0.03
226,-1.43,0.09,-0.15,0.58,-0.63,-0.34,-0.19,0.03
227,-1.88,0.09,-0.09,0.56,-0.15,-0.38,-0.16,0.02
228,-1.43,0.10,-0.02,0.24,0.32,-0.34,-0.12,0.02
229,-0.26,0.10,0.10,-0.14,0.70,-0.23,-0.10,0.02
230,0.24,0.11,0.29,-0.23,0.96,-0.08,-0.08,0.03
231,0.65,0.11,-0.11,-0.08,1.02,0.07,-0.09,0.02
232,0.81,0.11,-0.10,-0.05,0.85,0.15,-0.11,0.02
233,0.82,0.11,-0.03,-0.32,0.44,0.16,-0.15,0.00
234,0.75,0.11,-0.01,-0.61,-0.18,0.10,-0.19,-0.02
235,0.27,0.11,0.06,-0.42,-0.78,0.00,-0.23,-0.04
236,-0.23,0.11,-0.06,0.21,-1.18,-0.10,-0.24,-0.06
237,-1.25,0.12,0.06,0.68,-1.24,-0.18,-0.22,-0.07
238,-2.03,0.12,-0.11,0.62,-0.91,-0.21,-0.18,-0.08
239,-1.82,0.13,-0.14,0.28,-0.33,-0.18,-0.12,-0.09
240,-1.31,0.13,0.18,-0.04,0.32,-0.09,-0.07,-0.09
241,-0.42,0.14,0.08,-0.19,0.88,0.06,-0.03,-0.09
242,0.37,0.14,0.06,-0.15,1.21,0.22,-0.01,-0.08
243,0.92,0.14,0.00,-0.05,1.23,0.35,-0.02,-0.08
244,1.07,0.14,-0.02,-0.18,0.91,0.40,-0.04,-0.07
245,1.10,0.14,-0.08,-0.46,0.29,0.37,-0.08,-0.08
246,1.08,0.13,-0.03,-0.47,-0.46,0.26,-0.13,-0.08
247,0.79,0.13,0.05,-0.12,-1.07,0.09,-0.16,-0.09
248,0.26,0.13,0.01,0.30,-1.33,-0.08,-0.18,-0.09
249,-0.63,0.13,0.00,0.57,-1.17,-0.22,-0.16,-0.10
250,-1.13,0.13,-0.13,0.56,-0.66,-0.30,-0.11,-0.09
251,-1.31,0.13,0.01,0.26,-0.01,-0.31,-0.05,-0.09
252,-1.39,0.13,0.10,-0.09,0.59,-0.24,0.00,-0.08
253,-0.61,0.13,-0.10,-0.22,1.02,-0.12,0.04,-0.06
254,-0.16,0.13,0.19,-0.14,1.19,0.05,0.07,-0.05
255,0.43,0.13,-0.04,-0.08,1.07,0.20,0.08,-0.03
256,0.55,0.12,0.03,-0.19,0.63,0.30,0.08,-0.02
257,0.56,0.12,-0.07,-0.29,-0.05,0.30,0.06,-0.02
258,0.50,0.11,-0.04,-0.27,-0.74,0.21,0.04,-0.03
259,0.20,0.11,0.04,-0.17,-1.23,0.07,0.02,-0.04
260,-0.21,0.10,-0.01,0.07,-1.33,-0.08,0.02,-0.04
261,-1.25,0.10,0.08,0.36,-1.00,-0.19,0.05,-0.05
262,-1.70,0.10,-0.20,0.46,-0.43,-0.26,0.10,-0.06
263,-1.82,0.10,0.02,0.33,0.22,-0.27,0.16,-0.06
264,-1.70,0.10,0.10,0.05,0.76,-0.22,0.22,-0.05
265,-0.92,0.09,-0.04,-0.14,1.09,-0.11,0.25,-0.05
266,0.23,0.09,0.04,-0.10,1.20,0.05,0.27,-0.04
267,0.82,0.09,0.18,-0.04,1.05,0.20,0.27,-0.03
268,1.11,0.08,-0.07,-0.19,0.65,0.27,0.24,-0.02
269,1.36,0.07,-0.13,-0.34,0.08,0.25,0.20,-0.03
270,1.35,0.07,0.02,-0.31,-0.55,0.16,0.15,-0.03
271,1.27,0.06,-0.01,-0.22,-1.04,0.04,0.10,-0.05
272,0.79,0.06,0.05,0.01,-1.24,-0.07,0.06,-0.06
273,0.16,0.05,-0.04,0.42,-1.10,-0.14,0.05,-0.07
274,-0.40,0.05,-0.06,0.62,-0.69,-0.19,0.06,-0.07
275,-1.15,0.05,0.06,0.39,-0.13,-0.19,0.07,-0.08
276,-1.04,0.05,-0.15,0.04,0.41,-0.11,0.08,-0.08
277,-0.36,0.05,0.05,-0.15,0.84,0.02,0.08,-0.08
278,0.32,0.05,0.18,-0.18,1.07,0.16,0.07,-0.07
279,0.75,0.05,0.05,-0.15,1.04,0.26,0.04,-0.07
280,1.06,0.04,-0.08,-0.11,0.71,0.26,-0.01,-0.07
281,1.11,0.04,-0.03,-0.15,0.16,0.17,-0.07,-0.09
282,1.08,0.03,-0.04,-0.33,-0.48,0.01,-0.13,-0.10
283,0.76,0.03,0.03,-0.39,-1.02,-0.17,-0.18,-0.12
284,0.26,0.03,-0.01,-0.05,-1.24,-0.34,-0.21,-0.14
285,-0.34,0.03,-0.02,0.38,-1.08,-0.45,-0.22,-0.15
286,-1.15,0.03,0.02,0.53,-0.62,-0.49,-0.20,-0.16
287,-1.60,0.03,-0.08,0.38,0.00,-0.44,-0.16,-0.16
288,-1.22,0.03,-0.07,0.13,0.57,-0.29,-0.13,-0.16
289,-0.52,0.03,0.14,-0.06,0.99,-0.06,-0.09,-0.15
290,0.22,0.02,0.11,-0.15,1.21,0.19,-0.07,-0.14
291,0.64,0.02,0.03,-0.14,1.17,0.40,-0.06,-0.12
292,1.10,0.02,-0.11,-0.11,0.87,0.51,-0.07,-0.11
293,1.32,0.01,0.00,-0.23,0.35,0.52,-0.10,-0.10
294,1.26,0.01,0.02,-0.43,-0.32,0.44,-0.13,-0.10
295,1.06,0.01,-0.04,-0.32,-0.91,0.29,-0.16,-0.10
296,0.56,0.01,0.01,0.10,-1.26,0.13,-0.16,-0.10
297,0.12,0.01,-0.05,0.45,-1.25,-0.02,-0.15,-0.10
298,-0.70,0.01,0.07,0.48,-0.89,-0.12,-0.11,-0.09
299,-1.35,0.01,-0.07,0.30,-0.32,-0.15,-0.07,-0.07
300,-0.99,0.01,-0.15,0.11,0.27,-0.11,-0.02,-0.06
301,-0.59,0.01,0.21,-0.04,0.76,-0.02,0.02,-0.03
302,0.33,0.01,0.01,-0.16,1.04,0.09,0.05,-0.01
303,0.91,0.01,0.10,-0.16,1.06,0.17,0.06,0.02
304,1.21,0.01,-0.02,-0.09,0.80,0.17,0.05,0.04
305,1.15,0.00,-0.05,-0.17,0.28,0.08,0.02,0.05
306,1.12,0.00,-0.10,-0.38,-0.34,-0.09,-0.02,0.05
307,0.98,0.00,0.02,-0.35,-0.89,-0.29,-0.05,0.05
308,0.40,0.00,0.08,-0.05,-1.16,-0.47,-0.06,0.05
309,-0.37,0.01,-0.04,0.33,-1.08,-0.59,-0.04,0.05
310,-1.60,0.01,0.01,0.57,-0.69,-0.64,0.00,0.06
311,-1.60,0.01,-0.27,0.48,-0.13,-0.58,0.05,0.07
312,-1.76,0.02,0.24,0.12,0.42,-0.43,0.11,0.09
313,-0.20,0.02,-0.18,-0.17,0.86,-0.19,0.15,0.11
314,0.27,0.02,0.44,-0.17,1.11,0.09,0.18,0.14
315,0.71,0.02,-0.10,-0.03,1.12,0.36,0.19,0.16
316,1.05,0.02,-0.16,-0.06,0.87,0.54,0.17,0.17
317,1.12,0.02,0.01,-0.32,0.36,0.61,0.14,0.18
318,1.12,0.02,-0.01,-0.56,-0.30,0.57,0.09,0.17
319,0.63,0.02,0.06,-0.45,-0.88,0.45,0.04,0.17
320,0.30,0.03,-0.10,0.14,-1.23,0.31,0.02,0.16
321,-0.28,0.03,0.05,0.67,-1.20,0.17,0.02,0.15
322,-0.89,0.04,0.00,0.63,-0.83,0.05,0.04,0.15
323,-1.13,0.05,-0.07,0.29,-0.27,-0.02,0.07,0.14
324,-1.13,0.06,0.03,0.03,0.34,-0.02,0.09,0.14
325,-0.21,0.06,-0.07,-0.13,0.85,0.03,0.11,0.15
326,0.40,0.06,0.22,-0.22,1.16,0.12,0.10,0.15
327,0.79,0.07,0.02,-0.21,1.19,0.19,0.07,0.15
328,1.13,0.07,-0.11,-0.15,0.87,0.21,0.02,0.15
329,1.12,0.07,0.01,-0.16,0.27,0.13,-0.04,0.14
330,1.10,0.08,-0.05,-0.27,-0.47,-0.01,-0.11,0.12
331,0.75,0.09,0.04,-0.26,-1.11,-0.19,-0.16,0.09
332,0.22,0.10,-0.01,0.04,-1.37,-0.36,-0.19,0.07
333,-0.42,0.10,-0.03,0.41,-1.20,-0.49,-0.18,0.05
334,-2.22,0.11,0.17,0.48,-0.68,-0.55,-0.14,0.03
335,-2.49,0.12,-0.44,0.30,-0.01,-0.53,-0.10,0.02
336,-1.55,0.13,0.00,0.08,0.59,-0.43,-0.05,0.01
337,-1.02,0.13,0.46,-0.12,1.00,-0.25,0.00,0.01
338,0.33,0.13,-0.14,-0.19,1.16,-0.03,0.03,0.02
339,0.74,0.14,0.16,0.01,1.06,0.17,0.04,0.02
340,0.87,0.14,-0.10,0.10,0.71,0.31,0.04,0.02
341,0.94,0.14,-0.14,-0.37,0.18,0.35,0.03,0.01
342,0.89,0.14,0.00,-0.79,-0.43,0.29,0.01,0.00
343,0.78,0.14,0.03,-0.46,-0.92,0.18,-0.01,-0.02
344,-0.08,0.15,0.12,0.19,-1.14,0.06,0.00,-0.03
345,-0.85,0.16,-0.14,0.69,-1.04,-0.04,0.02,-0.04
346,-1.35,0.16,-0.08,0.83,-0.66,-0.11,0.06,-0.05
347,-1.60,0.17,0.05,0.42,-0.14,-0.12,0.10,-0.06
348,-1.39,0.17,0.02,-0.11,0.39,-0.07,0.12,-0.05
349,-0.40,0.17,-0.04,-0.27,0.87,0.05,0.13,-0.05
350,0.42,0.17,0.18,-0.15,1.16,0.19,0.13,-0.03
351,0.92,0.17,0.05,-0.12,1.19,0.32,0.10,-0.02
352,1.23,0.17,-0.10,-0.24,0.89,0.36,0.05,-0.01
353,1.36,0.17,-0.05,-0.32,0.20,0.30,-0.02,-0.01
354,1.35,0.17,-0.01,-0.33,-0.60,0.16,-0.10,-0.01
355,1.14,0.18,0.02,-0.24,-1.29,-0.02,-0.17,-0.02
356,0.61,0.18,0.02,0.12,-1.58,-0.19,-0.22,-0.02
357,0.04,0.18,-0.05,0.51,-1.33,-0.33,-0.24,-0.02
358,-0.64,0.18,0.00,0.57,-0.71,-0.42,-0.23,-0.02
359,-0.89,0.19,-0.07,0.31,0.06,-0.43,-0.21,-0.02
360,-0.74,0.19,0.02,0.02,0.75,-0.36,-0.18,-0.01
361,-0.54,0.18,0.11,-0.15,1.19,-0.21,-0.15,0.01
362,0.23,0.18,-0.07,-0.16,1.37,-0.03,-0.12,0.03
363,0.78,0.17,0.11,-0.13,1.23,0.14,-0.10,0.05
364,1.17,0.17,0.01,-0.16,0.79,0.24,-0.09,0.06
365,1.09,0.17,0.00,-0.26,0.14,0.24,-0.09,0.07
366,0.97,0.17,-0.10,-0.27,-0.60,0.17,-0.10,0.07
367,0.83,0.17,-0.03,-0.14,-1.16,0.06,-0.09,0.06
368,0.35,0.17,0.08,0.01,-1.37,-0.05,-0.07,0.06
369,-0.42,0.17,0.01,0.20,-1.18,-0.11,-0.02,0.05
370,-2.12,0.17,0.08,0.41,-0.66,-0.13,0.05,0.05
371,-1.51,0.17,-0.55,0.43,-0.02,-0.10,0.13,0.05
372,-1.18,0.17,0.42,0.18,0.55,0.00,0.20,0.06
373,-0.47,0.16,0.12,-0.14,0.97,0.16,0.25,0.07
374,0.57,0.16,-0.08,-0.18,1.15,0.32,0.29,0.08
375,1.16,0.15,0.09,0.07,1.07,0.45,0.30,0.08
376,1.46,0.15,-0.03,-0.01,0.76,0.47,0.28,0.09
377,1.44,0.15,-0.06,-0.53,0.25,0.36,0.23,0.08
378,1.46,0.15,-0.08,-0.66,-0.35,0.17,0.17,0.07
379,1.24,0.15,0.05,-0.21,-0.86,-0.06,0.11,0.05
380,0.55,0.15,0.07,0.23,-1.15,-0.26,0.07,0.04
381,-0.30,0.15,-0.06,0.53,-1.12,-0.43,0.05,0.02
382,-1.35,0.15,-0.02,0.65,-0.79,-0.53,0.05,0.01
383,-1.18,0.14,-0.22,0.39,-0.29,-0.53,0.06,0.00
384,-1.55,0.14,0.32,-0.02,0.28,-0.44,0.08,0.00
385,-0.27,0.13,-0.25,-0.22,0.80,-0.25,0.09,0.00
386,0.41,0.12,0.30,-0.15,1.11,-0.01,0.09,0.01
387,0.79,0.12,0.05,-0.06,1.16,0.18,0.07,0.01
388,1.02,0.11,-0.14,-0.18,0.84,0.29,0.04,0.01
389,1.25,0.10,-0.08,-0.36,0.20,0.28,0.00,0.00
390,1.25,0.10,0.05,-0.41,-0.52,0.19,-0.05,-0.01
391,0.86,0.09,0.05,-0.31,-1.13,0.05,-0.09,-0.03
392,0.35,0.09,-0.06,0.09,-1.37,-0.10,-0.11,-0.04
393,-0.11,0.08,-0.05,0.58,-1.15,-0.24,-0.09,-0.06
394,-0.54,0.08,0.02,0.62,-0.62,-0.31,-0.06,-0.07
395,-1.65,0.07,0.14,0.27,0.05,-0.31,-0.01,-0.07
396,-1.31,0.06,-0.35,0.01,0.69,-0.21,0.04,-0.07
397,-0.76,0.05,0.17,-0.06,1.12,-0.04,0.08,-0.06
398,0.37,0.04,0.08,-0.16,1.33,0.17,0.10,-0.05
399,0.79,0.03,0.19,-0.25,1.25,0.36,0.10,-0.05
400,1.18,0.02,-0.14,-0.13,0.83,0.47,0.07,-0.04
401,1.25,0.01,-0.05,-0.03,0.16,0.48,0.02,-0.05
402,1.18,0.01,-0.03,-0.27,-0.59,0.41,-0.04,-0.06
403,1.04,0.00,-0.01,-0.46,-1.21,0.27,-0.10,-0.07
404,0.36,0.00,0.09,-0.15,-1.45,0.12,-0.14,-0.08
405,-0.21,0.00,-0.10,0.37,-1.27,0.00,-0.15,-0.09
406,-1.31,-0.01,0.08,0.62,-0.77,-0.09,-0.13,-0.09
407,-1.65,-0.01,-0.18,0.47,-0.11,-0.12,-0.10,-0.09
408,-1.43,-0.02,0.02,0.13,0.48,-0.10,-0.07,-0.08
409,-0.10,-0.03,0.00,-0.12,0.91,-0.01,-0.05,-0.06
410,0.31,-0.04,0.38,-0.18,1.15,0.09,-0.03,-0.05
411,0.85,-0.05,-0.15,-0.12,1.13,0.17,-0.04,-0.03
412,1.23,-0.06,-0.10,-0.09,0.87,0.17,-0.05,-0.02
413,1.20,-0.06,0.04,-0.26,0.37,0.07,-0.09,-0.01
414,1.18,-0.07,-0.07,-0.55,-0.29,-0.10,-0.13,-0.01
415,0.71,-0.07,0.05,-0.43,-0.89,-0.29,-0.15,-0.02
416,0.38,-0.07,-0.08,0.17,-1.25,-0.45,-0.15,-0.02
417,-0.37,-0.08,0.08,0.62,-1.24,-0.55,-0.11,-0.02
418,-1.95,-0.08,0.09,0.58,-0.86,-0.57,-0.05,-0.02
419,-1.95,-0.08,-0.43,0.33,-0.25,-0.51,0.02,-0.01
420,-1.70,-0.09,0.20,0.07,0.39,-0.34,0.08,0.00
421,-0.72,-0.09,0.10,-0.18,0.91,-0.10,0.14,0.01
422,0.13,-0.10,0.13,-0.26,1.22,0.17,0.17,0.02
423,0.60,-0.11,0.03,-0.06,1.22,0.40,0.18,0.03
424,1.00,-0.11,-0.12,0.03,0.89,0.52,0.17,0.04
425,1.14,-0.12,-0.02,-0.32,0.28,0.53,0.12,0.03
426,1.10,-0.12,-0.01,-0.64,-0.46,0.42,0.07,0.02
427,0.87,-0.12,0.00,-0.40,-1.08,0.25,0.02,0.01
428,0.37,-0.12,0.01,0.16,-1.35,0.06,-0.02,0.00
429,-0.17,-0.12,-0.04,0.60,-1.22,-0.12,-0.03,-0.01
430,-1.13,-0.12,0.06,0.65,-0.72,-0.24,-0.02,-0.02
431,-2.22,-0.12,-0.04,0.36,-0.09,-0.29,-0.01,-0.02
432,-1.82,-0.12,-0.28,0.05,0.52,-0.24,0.01,-0.01
433,-0.76,-0.12,0.17,-0.14,1.00,-0.12,0.00,0.00
434,0.42,-0.13,0.23,-0.24,1.24,0.04,-0.02,0.01
435,0.86,-0.13,0.13,-0.18,1.23,0.20,-0.05,0.02
436,1.05,-0.14,-0.17,0.00,0.88,0.29,-0.10,0.02
437,1.20,-0.14,-0.14,-0.07,0.23,0.28,-0.17,0.02
438,1.17,-0.14,0.03,-0.51,-0.54,0.18,-0.23,0.01
439,0.95,-0.14,0.03,-0.68,-1.20,0.03,-0.28,-0.01
440,0.17,-0.14,0.06,-0.11,-1.49,-0.12,-0.31,-0.02
441,-0.54,-0.14,-0.11,0.64,-1.31,-0.24,-0.29,-0.04
442,-1.18,-0.14,-0.03,0.85,-0.79,-0.31,-0.25,-0.05
443,-1.82,-0.14,0.05,0.48,-0.10,-0.31,-0.18,-0.05
444,-1.65,-0.14,-0.11,0.01,0.53,-0.24,-0.12,-0.06
445,-1.13,-0.14,0.09,-0.18,1.01,-0.10,-0.06,-0.05
446,-0.07,-0.15,0.03,-0.17,1.30,0.08,-0.01,-0.05
447,0.82,-0.15,0.11,-0.18,1.32,0.24,0.03,-0.05
448,1.06,-0.16,0.07,-0.21,1.04,0.32,0.04,-0.05
449,1.07,-0.16,-0.14,-0.24,0.43,0.29,0.04,-0.06
450,1.04,-0.16,-0.10,-0.30,-0.38,0.17,0.03,-0.08
451,1.03,-0.15,0.01,-0.30,-1.12,0.01,0.03,-0.09
452,0.59,-0.15,0.11,-0.10,-1.53,-0.13,0.04,-0.11
453,-0.44,-0.15,0.04,0.31,-1.44,-0.23,0.08,-0.12
454,-1.10,-0.15,-0.20,0.66,-0.92,-0.28,0.13,-0.13
455,-1.28,-0.15,-0.04,0.60,-0.18,-0.26,0.19,-0.13
456,-1.07,-0.15,0.10,0.13,0.53,-0.16,0.25,-0.12
457,-1.02,-0.15,0.14,-0.24,1.05,0.01,0.28,-0.11
458,0.22,-0.15,-0.23,-0.19,1.30,0.21,0.30,-0.09
459,0.96,-0.15,0.24,-0.03,1.26,0.37,0.29,-0.08
460,1.30,-0.15,0.05,-0.17,0.93,0.44,0.25,-0.07
461,1.39,-0.15,-0.12,-0.40,0.33,0.38,0.19,-0.06
462,1.35,-0.15,-0.07,-0.33,-0.41,0.22,0.12,-0.07
463,1.25,-0.14,0.00,-0.14,-1.06,0.01,0.05,-0.07
464,0.68,-0.13,0.09,-0.05,-1.43,-0.20,0.01,-0.08
465,-0.11,-0.13,-0.03,0.21,-1.37,-0.36,0.00,-0.09
466,-0.85,-0.12,-0.07,0.55,-0.91,-0.46,0.00,-0.09
467,-1.15,-0.12,-0.05,0.53,-0.25,-0.47,0.03,-0.08
468,-0.97,-0.12,0.03,0.17,0.45,-0.38,0.05,-0.07
469,0.01,-0.12,0.00,-0.11,0.98,-0.20,0.06,-0.06
470,0.37,-0.12,0.26,-0.16,1.26,0.03,0.07,-0.04
471,0.82,-0.12,-0.10,-0.11,1.26,0.24,0.06,-0.03
472,0.99,-0.12,-0.04,-0.17,0.96,0.37,0.03,-0.02
473,1.11,-0.11,-0.04,-0.33,0.39,0.37,-0.02,-0.01
474,1.07,-0.11,0.01,-0.45,-0.30,0.27,-0.07,-0.01
475,0.62,-0.10,0.05,-0.29,-0.93,0.11,-0.11,-0.01
476,0.29,-0.10,-0.09,0.17,-1.30,-0.06,-0.13,-0.01
477,-0.49,-0.09,0.08,0.53,-1.28,-0.20,-0.11,-0.01
478,-1.18,-0.08,-0.06,0.48,-0.91,-0.28,-0.08,-0.01
479,-2.25,-0.08,0.06,0.24,-0.30,-0.29,-0.03,0.00
480,-1.41,-0.08,-0.35,0.03,0.37,-0.21,0.02,0.02
481,-0.72,-0.08,0.35,-0.09,0.90,-0.04,0.05,0.04
482,0.07,-0.08,0.12,-0.16,1.22,0.17,0.07,0.07
483,0.42,-0.08,0.00,-0.12,1.22,0.35,0.07,0.09
484,0.85,-0.07,-0.15,0.00,0.88,0.45,0.05,0.11
485,0.87,-0.07,0.03,-0.15,0.30,0.42,0.00,0.12
486,0.81,-0.07,-0.04,-0.54,-0.40,0.30,-0.05,0.12
487,0.65,-0.06,-0.02,-0.48,-0.96,0.11,-0.10,0.11
