rainfall,spi_1,spi_3,spi_6,spi_9,spi_12,spi_24,spi_48
26.37,-0.28682370323781675,,,,,,
0.0,-inf,,,,,,
42.19,-0.05515598294679458,-0.2017419478434493,,,,,
58.01,0.11895098350098296,-0.043478709813865514,,,,,
116.02,0.5594038525446148,0.3286725087201461,,,,,
232.03,1.1136118233100682,0.7028575068212799,-0.021933923057622085,,,,
237.3,1.1339944970698377,0.9586875680910822,0.4023268956515862,,,,
321.68,1.4280605354104348,1.1961353765192961,0.9064121640242018,,,,
268.95,1.2508540109692432,1.2345086436885513,1.2016485199576588,1.014379736743059,,,
42.19,-0.05515598294679458,1.017667040758596,1.1822253551351531,1.0473056482494432,,,
5.27,-0.920517802625379,0.5457233337695429,1.0415721438148493,1.0582171893981727,,,
0.0,-inf,-0.3426388583000215,0.7147048949647062,0.9700588477170676,0.6492767211643317,,
10.55,-0.6718743735631755,-0.707224126030063,0.3351461312926439,0.8686075237317623,0.571555822661637,,
31.64,-0.2002453373700135,-0.3854473455903667,-0.3137060814930783,0.681766860106697,0.7263973645993963,,
26.37,-0.28682370323781675,-0.2017419478434493,-1.2802255780423635,0.1850900749219794,0.6492767211643317,,
89.65,0.38439911549932354,0.13442796570720067,-1.01604098215518,-0.2179665030877707,0.8029298329900971,,
89.65,0.38439911549932354,0.3019701809323114,-0.6629080940707307,-0.9696928323314749,0.6750334223046958,,
247.85,1.173966621902197,0.7363752225172758,0.025639008465007124,-1.0480313898844427,0.7519568087388955,,
384.96,1.618847925152508,1.1218281218236457,0.7066653102647553,0.03215349079728331,1.4432316951519182,,
411.33,1.6927969049338907,1.4405339813073477,1.2209157035197613,0.9922779533360069,1.841628259438767,,
158.2,0.7907081582592602,1.3585940916119617,1.3758309845855445,1.3122460569631254,1.347239998409621,,
58.01,0.11895098350098296,1.0112489384423364,1.339523205920827,1.4038217876419234,1.4192934374498418,,
15.82,-0.5108739091671264,0.36702113120923324,1.2526821808576847,1.3735059773152094,1.4670703115228894,,
0.0,-inf,-0.17195518549753538,0.9355531304463697,1.322508701367039,1.4670703115228894,1.431823893606698,
0.0,-inf,-0.707224126030063,0.3253296215300784,1.1445553346578836,1.4192934374498418,1.34701536640396,
10.55,-0.6718743735631755,-0.8252224095311974,-0.6821611292159868,0.9811726395038259,1.3231265891620358,1.3810070043175782,
5.27,-0.920517802625379,-0.707224126030063,-1.465276293382481,0.4351267295475464,1.2260177028961534,1.2616880185871056,
10.55,-0.6718743735631755,-0.5467814268847897,-1.9514516479331887,-0.6059299079138009,0.8535985382949655,1.1067838510424384,
42.19,-0.05515598294679458,-0.2671502763586135,-1.6469133433538987,-2.1587344222023983,0.6234043484023043,0.862293853951319,
216.21,1.050626791028338,0.44995156506016926,-0.5359736547197825,-1.8467467679264384,0.4669393688285571,0.8093320832702071,
253.12,1.193538409111261,0.8605371951118669,0.11679702733495677,-1.0086393756354997,-0.21346140492925952,0.862293853951319,
268.95,1.2508540109692432,1.1393539148543568,0.5905454173270479,-0.1876037824789262,-1.0080326544032039,0.6849571783778883,
179.3,0.8913805828931511,1.098086843831253,0.8544565240539889,0.29242743309715047,-0.8858334260765458,0.37800089980976775,
126.56,0.6218269987448647,0.9451818082038846,1.0137892954506103,0.5972128667105657,-0.4998073272687497,0.6670715383907747,
0.0,-inf,0.5253305427207143,0.9571624509955134,0.5727072627928427,-0.5874631664988708,0.6491961352808118,
10.55,-0.6718743735631755,0.0990038720549927,0.6577198061353319,0.5849908478506072,-0.528915232470402,0.6849571783778864,
5.27,-0.920517802625379,-0.7072241260300622,0.22420510373179495,0.5727072627928427,-0.4998073272687497,0.6670715383907747,
15.82,-0.5108739091671264,-0.4859516758100594,-0.3736361742177169,0.510772812100762,-0.47079056683485915,0.6133401214731538,
0.0,-inf,-0.6186816429640362,-1.042307242238486,-0.039587664671935696,-0.4998073272687486,0.523297322630622,
42.19,-0.05515598294679458,-0.26715027635861305,-1.5977925027621531,-0.6753384700799783,-0.32694002501197567,0.35970119650069887,
47.46,0.007429118261745604,-0.09137675829707854,-1.2472214876461885,-1.5219395381411642,-0.2984552047131637,0.21256474929463598,
216.21,1.050626791028338,0.5253305427207143,-0.4045960680145924,-1.3622618934033284,-0.2984552047131637,0.10113761825751419,
369.14,1.5730291003123573,1.0176549173997396,0.41172151869085255,-0.4879763680000113,0.3079538128408072,0.04506845106678481,
263.67,1.2319740556316772,1.2559566428771398,0.8088842525299849,0.25251809724992497,0.2811697010362799,-0.4902502212534815,
116.02,0.5594038525446148,1.1509116244358926,0.9714572862400522,0.510772812100762,-0.04573086380330918,-0.6473482174262364,
36.91,-0.12390900623806934,0.7197486729889205,0.9643145547006194,0.5849676198905254,-0.5289705528016669,-0.7266692671601339,
0.0,-inf,0.15143510277043792,0.8990555465371063,0.5480470206799453,-0.5289705528016669,-0.7864693026864475,
0.0,-inf,-0.432851038303436,0.5733860626385441,0.5480470206799453,-0.5875188388172105,-0.7864693026864475,0.5303288821068743
68.55,0.21669692461756385,-0.20180012303499603,0.001995413482318099,0.609373851413844,-0.24174331120719028,-0.5293621641483606,0.6305942372429498
5.27,-0.920517802625379,-0.17201013249146532,-0.7417694262932077,0.510749136920564,-0.29850917381609465,-0.5489817484959976,0.6430831093176255
0.0,-inf,-0.17201013249146532,-1.3145310841377045,-0.039615148344355866,-0.29850917381609465,-0.5685943200645716,0.5428622672701832
0.0,-inf,-1.0118130857133292,-1.5978830481090942,-1.2536436470677197,-0.5290258734638164,-0.6079476603118052,0.40416087792712485
10.55,-0.6718743735631755,-0.8252224095311957,-1.5073077590922859,-2.554277193500398,-0.7355133591025416,-0.7267069781519173,0.14924722473474356
100.2,0.45813069996009353,0.0007641317207283081,-0.9170393762406439,-2.6652132500467935,-1.4170887742078,-1.1719985504130555,-0.17451526475212875
290.04,1.3240751625499994,0.6943028198763879,-0.1874160143904806,-1.3182805542228646,-1.9142496479171422,-1.0285557480316627,-0.044290394407006925
305.86,1.3768862097478518,1.0920846919668168,0.43965881520178407,-0.26408259352129776,-1.6454928176207306,-0.8867838983584121,-0.08325375143332478
210.94,1.0290040013037753,1.2127211664046054,0.7779796801134657,0.30561935447414496,-1.0697622534700344,-0.7665170732443434,-0.2268566209256847
137.11,0.6809426564667688,1.0429702345110972,0.9714707924778732,0.4731597870597548,-0.4998073272687497,-0.7266692671601339,0.007521541073528293
5.27,-0.920517802625379,0.6136372184520609,0.9643281042446171,0.4731597870597548,-0.47079056683486037,-0.7068112023681636,0.007521541073528293
0.0,-inf,0.11693901310861383,0.8241833942786017,0.4731597870597548,-0.47079056683486037,-0.7465963415897856,0.007521541073528293
26.37,-0.28682370323781675,-0.4859516758100594,0.4023268956515862,0.5356933815459691,-0.705632297214227,-0.6671507456601886,0.04628898791533984
21.09,-0.3879867577024434,-0.3426388583000212,-0.20093972744641672,0.5604083204686325,-0.6168492349480598,-0.6473856930172214,0.020445123277860102
0.0,-inf,-0.3426388583000212,-0.8936233891551258,0.31876485922836023,-0.6168492349480598,-0.6473856930172214,-0.044314996910497104
26.37,-0.28682370323781675,-0.3426388583000212,-1.5513650077223982,-0.4062582801031359,-0.47073559273530846,-0.7068112023681636,-0.20067919398859618
10.55,-0.6718743735631755,-0.4327562609821146,-1.507226235290265,-1.4753313575839606,-0.47073559273530846,-0.8465543574782256,-0.39807869496821136
263.67,1.2319740556316772,0.5149639040244562,-0.3433515803352173,-1.2536032309787186,0.38776834997955323,-0.6671507456601886,-0.35842329194024075
300.59,1.3594826658013113,0.9451818082038846,0.28557432849211345,-0.6578510297711716,0.44063634867486634,-0.9271045443236989,-0.5709429755546759
353.32,1.5260213131647742,1.323502125966201,0.8317991304831632,0.3318891888213124,0.6750334223046948,-0.5881998285182956,-0.7185625210096465
126.56,0.6218269987448647,1.1849778867865097,1.006793418978922,0.6336754039957804,0.25436276311535816,-0.5489445616567121,-0.799603499393831
58.01,0.11895098350098296,0.8965810138121281,1.0484750375417187,0.7056073558697886,-0.15720345011555611,-0.47072054960927495,-0.799603499393831
79.1,0.3044447441703215,0.4385968921490799,1.1362697910652642,0.8342272765335208,0.22748180737573193,-0.1816420338634311,-0.6378939552263316
0.0,-inf,0.0990038720549927,0.777964911344103,0.8342272765335208,0.22748180737573193,-0.1816420338634311,-0.6378939552263316
5.27,-0.920517802625379,-0.11696972239424937,0.28555526630976497,0.787916590521597,0.11910361034805203,-0.4123831505901385,-0.624493560335575
0.0,-inf,-1.0118130857133292,-0.5888709900249985,0.7645613584287309,0.00954666689437071,-0.431787187963985,-0.6513300151013098
5.27,-0.920517802625379,-0.8254900955447997,-1.0968252791537123,0.1439931613477689,0.03704018706058557,-0.4123831505901385,-0.6513300151013098
5.27,-0.920517802625379,-0.8254900955447997,-1.425281021436951,-0.7284955888112539,-0.0735163882516135,-0.39300840045013397,-0.6647763424515284
36.91,-0.12390900623806934,-0.34271643247001066,-1.8152897581259446,-2.069704940156377,0.06440323911977372,-0.2965334801938736,-0.6782329578367735
84.38,0.34532281955716165,0.061520579921957495,-1.1543614119747367,-2.315334348636191,-0.9163146311872031,-0.35434630078976226,-1.0176115262169636
205.66,1.0069956539641645,0.5656404645197572,-0.3736651943740001,-1.5456185478298248,-1.4818223183631714,-0.6671882797965438,-1.1414283095441315
226.76,1.0929377500582476,0.8678486775870445,0.1713274400946035,-0.9505186327705641,-2.298477233317397,-0.9676323374088676,-1.2522454689451155
100.2,0.45813069996009353,0.889470456879382,0.35458396672754366,-0.6059624607462551,-2.479142085714492,-1.4008000101487093,-1.4619544191701368
63.28,0.16926792769907,0.6769500982005567,0.4580314110737548,-0.4224582236857554,-2.4427006735637495,-1.6983345040603706,-1.6315923456524497
63.28,0.16926792769907,0.35444790696181266,0.5032304447182144,-0.23330786316328733,-2.5525909574206365,-1.4639446042489284,-1.461954419170134
5.27,-0.920517802625379,0.08052037329886871,0.36422541005781195,-0.23330786316328633,-2.515817845506749,-1.4428734255492608,-1.476044470188365
0.0,-inf,-0.20180012303499603,-0.0586015613782507,-0.2486603306119832,-2.5525909574206365,-1.5486762524444335,-1.490119428162203
15.82,-0.5108739091671264,-0.6186816429640362,-0.6629442761841304,-0.3108062953399943,-2.4427006735637495,-1.569931573735497,-1.4901194281622019
5.27,-0.920517802625379,-0.6186816429640362,-1.0692388480100314,-0.5548748133182155,-2.4427006735637495,-1.5486762524444335,-1.476044470188365
21.09,-0.3879867577024434,-0.3855325234422533,-1.3145310841377045,-1.2113228653411694,-2.3342779967646266,-1.5699719418199014,-1.5324676117059448
52.73,0.06514936301650186,-0.14381321642107167,-1.3869004455663698,-2.012046697990848,-2.227273602666648,-1.4008796333469622,-1.5183577146372937
147.66,0.737133736220251,0.3416435509941544,-0.682197880027109,-1.7681731615767053,-1.8125386769721428,-1.8717507376327214,-1.7028130659052372
226.76,1.0929377500582476,0.7363752225172766,-0.03409276524959043,-1.0680032966366297,-1.6786667941924471,-2.181347917157928,-2.092483037870095
232.03,1.1136118233100682,0.9852654156543641,0.4023090236297293,-0.4880077481558635,-1.6455555259404768,-2.708405296658633,-2.1803191934356447
152.93,0.7642216460487401,0.9918113573660995,0.6494355357678709,-0.054129007927424734,-1.3210618871379214,-2.5917590941287214,-2.0778976997140663
31.64,-0.2002453373700135,0.7197486729889205,0.6659545946200387,0.03212655819892912,-1.5143092332463448,-2.708405296658633,-2.092483037870095
5.27,-0.920517802625379,0.2600205311758697,0.5905454173270482,0.0035985054855986742,-1.880274217261149,-3.0414720547083203,-2.0778976997140663
0.0,-inf,-0.432851038303436,0.3351275898298797,-0.010738337478701681,-1.914314370595509,-3.0414720547083203,-2.0778976997140663
0.0,-inf,-1.0118130857133292,-0.1476376185062687,-0.06870311614047879,-1.914314370595509,-3.065625100035861,-2.268620733243602
0.0,-inf,-4.904094597408402,-0.8936233891551258,-0.21799543871115298,-2.0173350383626873,-3.065625100035861,-2.28337401811873
15.82,-0.5108739091671264,-0.7072241260300622,-1.8151713535631653,-0.6231643719454766,-1.9484926636226374,-3.0173249809228193,-2.2391254703735597
5.27,-0.920517802625379,-0.6186816429640362,-2.221337275207371,-1.4523910594785296,-2.051936855376276,-3.0173249809228193,-2.2244113897564928
36.91,-0.12390900623806934,-0.26721651971566507,-1.7551407010328162,-2.4833890017372897,-2.156679876587042,-3.0173249809228193,-2.151007604218573
221.48,1.0719203964163275,0.4385752386279067,-0.5534106780055752,-2.069704940156377,-1.6787297457414476,-2.4075949829538987,-1.8173707618418078
268.95,1.2508540109692432,0.8823007618006518,0.13881306249981987,-1.0086765008314733,-1.4171498476600726,-2.13660886878514,-1.874914875747839
337.5,1.4777329763370288,1.2345086436885513,0.7306904217576031,0.03212655819892912,-0.7954000545272034,-1.6768933540061017,-1.7886585118267058
216.21,1.050626791028338,1.2290967557364458,1.01377604100976,0.5726839617819323,-0.44191901260341954,-1.2133730488415684,-1.7743342449076303
10.55,-0.6718743735631755,0.9315036032768091,1.0207636188531892,0.5971897110605051,-0.5582260254937822,-1.4218784322112417,-2.121747422456525
0.0,-inf,0.35444790696181266,0.9714572862400522,0.5971897110605051,-0.5875188388172105,-1.6768933540061017,-2.136371102052322
5.27,-0.920517802625379,-0.7072241260300606,0.6577198061353342,0.5726839617819323,-0.5582260254937847,-1.6768933540061017,-2.121747422456525
0.0,-inf,-1.0118130857133267,0.18204220543707203,0.5603849459347651,-0.5582260254937847,-1.6768933540061017,-2.195050057121046
42.19,-0.05515598294679458,-0.3426388583000208,-0.5709849080264763,0.5727072627928427,-0.3269941582226087,-1.569971941819901,-2.136371102052322
31.64,-0.2002453373700135,-0.17195518549753538,-1.4652762933824812,0.10247896474741942,-0.24174331120719142,-1.4639846221242845,-2.0487651139897336
21.09,-0.3879867577024434,-0.06694775965546855,-1.386829120283548,-0.6231643719454766,-0.15725661720286555,-1.4639846221242845,-2.063352708040104
226.76,1.0929377500582476,0.4721659766306259,-0.4045960680145927,-1.0086393756354997,0.80288163925222,-0.7865071927277122,-1.4760978636796906
232.03,1.1136118233100682,0.8156641061014978,0.1497345021007332,-0.9504822279226167,0.8535985382949655,-0.47079446943054726,-1.56077613588135
274.22,1.2694719155251017,1.1335419476907969,0.6411327901437598,-0.11282163920123571,0.8788379910908787,-0.29656994259056646,-1.631673170239254
400.78,1.6635592302056348,1.313314160875434,1.142884439570638,0.8685858824999174,1.1771200214271866,0.30465064925985275,-1.5042862151674066
221.48,1.0719203964163275,1.3030535644294148,1.369808325188597,1.312226560514592,1.2015745891137477,0.5412720756828472,-1.252324521426087
195.12,0.9619682828985141,1.2236531114073546,1.5612458789612784,1.6773758280492612,2.024024755649967,1.0893769947571967,-0.894748505825811
47.46,0.007429118261745604,0.7925024455273164,1.3637827038710761,1.686845030765018,2.2257118508039593,1.2273383352901601,-0.9766126084073945
0.0,-inf,0.39160335032105453,1.0826300231887238,1.629702009763093,2.203498539848416,1.2273383352901601,-0.9766126084073945
0.0,-inf,-0.3426388583000208,0.6985787267757022,1.5912170895068984,2.203498539848416,1.2273383352901601,-0.9902854771384604
0.0,-inf,-4.850018445453829,-0.04629941547693516,1.155220877548612,2.024024755649967,1.2273383352901601,-0.9902854771384604
5.27,-0.920517802625379,-1.0118130857133267,-0.6629442761841304,0.6697815038165054,1.9103282951949723,1.192968615153617,-0.9902854771384604
0.0,-inf,-1.0118130857133267,-1.8151713535631653,-0.010738337478701681,1.8185285274090779,1.1757680534582495,-1.003969106226663
0.0,-inf,-1.0118130857133267,-3.0094863355959265,-1.3402048378544271,0.7774031070765173,1.0546948534351857,-1.1001099095327107
147.66,0.737133736220251,0.1344279657072015,-1.0691871861979578,-1.6668278464384936,0.36120209675851545,0.8092985402978776,-0.935606596772366
337.5,1.4777329763370288,0.8232834087688985,0.013860667274865218,-1.067965413525393,0.6749846108985399,1.037320955589616,-0.597774072914723
284.77,1.3060930060312828,1.1737265639365924,0.5560916687452669,-0.2795754839178471,0.09184404900031563,0.8622604411565465,-0.45115787732530965
174.02,0.8669373541442315,1.2016901052477489,0.8165548402501115,0.19866982192947363,-0.15720345011555611,0.7205563848635175,-0.26631940504452517
58.01,0.11895098350098296,0.8678486775870445,0.8990695029672272,0.34494305243926954,-0.9162569134728681,0.8798576501621103,-0.27945154246887327
52.73,0.06514936301650186,0.4830574669885755,0.9714572862400498,0.4731358797850658,-0.885890949497108,1.0546948534351857,-0.30576984443538713
5.27,-0.920517802625379,0.02165437100783005,0.770152438677269,0.4731358797850658,-0.8556267386095848,1.0546948534351857,-0.30576984443538713
5.27,-0.920517802625379,-0.2334783888113454,0.20323265637733884,0.4857144614417107,-0.8254633973915896,1.072046842219868,-0.2926183073817029
0.0,-inf,-0.8254900955447984,-0.5019423181489163,0.4857144614417107,-0.8254633973915896,0.9325136276130153,-0.3321270954396186
0.0,-inf,-1.0118130857133267,-1.247283066220473,0.1163436943621711,-0.8556267386095848,0.8269307365761067,-0.345307864009595
10.55,-0.6718743735631755,-0.8252224095311942,-1.5978830481090942,-0.8746713540979939,-0.7953431028439267,0.7915762867383982,-0.3716987468185049
63.28,0.16926792769907,-0.17195518549753538,-1.5073077590922863,-1.794111027292057,-0.44186420902360346,0.23099818286146673,-0.3452828438124338
142.38,0.7093530585150378,0.3286476384620341,-0.7622852135634184,-1.9557245533016265,-0.47084554125991457,-0.08675989846799345,-0.3584984081281938
311.13,1.3941082942203054,0.867834875875039,0.09446551332444643,-0.8747068521627877,-0.6169609359837308,0.04499741543849841,-0.14848852374302665
358.59,1.5418181614182025,1.2181877203948284,0.7306904217576031,0.06040135984604635,-0.21356837360816927,-0.1057169992275529,0.16199681724546441
131.84,0.651803823195449,1.207211631433359,0.9210240282763679,0.38383537624824554,-0.44191901260341954,-0.4318608835064885,0.11062734731684817
31.64,-0.2002453373700135,0.8750982873561028,0.949973631784317,0.44783038432068967,-0.5875745114719619,-1.0490072755895792,0.11062734731684817
26.37,-0.28682370323781675,0.26004780302448993,0.8990555465371063,0.510772812100762,-0.7355133591025416,-1.130878802190359,0.1620211399446786
0.0,-inf,-0.2671502763586126,0.6904754388597166,0.510772812100762,-0.7653790862047208,-1.130878802190359,0.1620211399446786
0.0,-inf,-0.5467814268847883,0.1388338140782007,0.4857144614417107,-0.7953431028439267,-1.130878802190359,0.1620211399446786
5.27,-0.920517802625379,-1.0118130857133267,-0.8706399074450483,0.3449183251856655,-0.7653790862047208,-1.1103699797474103,0.1748346583293589
5.27,-0.920517802625379,-0.8254900955447984,-1.6470093500080853,-0.010738337478701681,-0.7355133591025416,-1.1103699797474103,0.1491742050176982
31.64,-0.2002453373700135,-0.38553252344225253,-1.6470093500080853,-0.8746713540979939,-0.616960935983728,-0.9879456154851192,0.213245176210405
58.01,0.11895098350098296,-0.06694775965546855,-1.3868291202835477,-2.2201036807628705,-0.6464415772605933,-0.7665549033938075,0.2643491094571143
200.39,0.9846697046091855,0.493831721840357,-0.4852033788210669,-1.846797280494529,-0.32699415822260747,-0.5686315642755596,0.21326943020728353
337.5,1.4777329763370288,0.9720514875701564,0.3154592619461565,-0.6231643719454769,-0.18531727298678313,-0.5686315642755615,0.37877434529264165
268.95,1.2508540109692432,1.212721166404607,0.7544692730582645,0.08850772657451009,-0.6759610166234874,-0.6276887902768667,0.21326943020728353
221.48,1.0719203964163275,1.2345086436885513,1.0553441579151275,0.6336524618759108,-0.18531727298678313,-0.45133133993804336,0.22604677608988724
110.74,0.5266993930187623,0.9786706510369094,1.1560707957625564,0.8799750295650012,0.22743072916928747,-0.25819558424142414,0.4672699368570139
0.0,-inf,0.5754361451209667,1.0826300231887238,0.8685858824999174,0.09179224972835952,-0.45133133993804525,0.4672699368570139
0.0,-inf,0.000723719181656572,0.8088842525299849,0.8571650327110115,0.09179224972835952,-0.47079446943054726,0.4546607583305125
0.0,-inf,-4.850018445453829,0.24488815851940826,0.7879165905215966,0.09179224972835952,-0.4902872375696769,0.4546607583305125
5.27,-0.920517802625379,-1.0118130857133267,-0.3736651943740001,0.6697815038165054,0.09179224972835952,-0.47079446943054726,0.366079842624109
0.0,-inf,-1.0118130857133267,-1.2802892851278884,0.18506425898165824,0.06445518600438457,-0.47079446943054726,0.2898230976674797
10.55,-0.6718743735631755,-0.7072241260300606,-2.491318026687036,-0.7824738379597821,-0.04573086380331029,-0.47079446943054576,0.2643491094571143
79.1,0.3044447441703215,-0.09137675829707854,-1.4252066450868979,-1.5219841026190206,0.06445518600438457,-0.41245673476481975,-0.09635082131740817
179.3,0.8913805828931511,0.4499515650601696,-0.5709849080264763,-1.7169782317422246,-0.04573086380330918,-0.27733210818851195,-0.22693118450375038
522.07,1.9762029625640605,1.1849778867865097,0.5905454173270479,-0.21799543871115298,0.8788379910908787,0.46895289968733833,0.37877434529264165
316.41,1.4111863066611774,1.4168978668690233,1.0415852372048877,0.5972128667105657,1.103359720821431,0.323060940824626,0.17485896378877103
200.39,0.9846697046091855,1.435837569200784,1.2902847664385697,1.036345054072246,1.0041972020953,0.5593594845289416,0.12352605748997254
89.65,0.38439911549932354,0.9852654156543644,1.3818393285721908,1.2187252721521817,0.9040624457407191,0.75612963604862,-0.1354027794189125
10.55,-0.6718743735631755,0.5149639040244562,1.3026922125543776,1.2292292565905862,0.9542766695196095,0.7027515813777823,-0.22690632994313825
0.0,-inf,-0.043478709813865236,1.082642884748096,1.2292292565905862,0.9542766695196095,0.7027515813777823,-0.22690632994313825
52.73,0.06514936301650186,-0.23341648588994593,0.3738343111225953,1.3122460569631262,1.2016209375126028,0.8798576501621103,-0.09632614741535009
10.55,-0.6718743735631755,-0.23341648588994593,-0.29912626085005156,1.1765131267688136,1.2260639419564567,0.8974655265647232,-0.07031405989417516
21.09,-0.3879867577024434,-0.11696972239424895,-0.9170393762406442,0.8457122437972874,1.3231265891620358,0.9500870559754773,-0.03137872722259093
10.55,-0.6718743735631755,-0.3854473455903658,-1.3499147129235207,-0.4714497785770373,1.3231265891620358,0.879891019886908,-0.005460422787541662
110.74,0.5266993930187623,0.11693901310861383,-0.8260969725638678,-1.1903771114459838,1.4670703115228902,1.0547278001341631,0.26437329525915687
126.56,0.6218269987448647,0.40360424055604144,-0.38904399245859544,-1.4985565402606995,1.2260177028961534,0.809298540297881,0.21326943020728353
390.23,1.6338615336134445,1.0112367505287745,0.3738161600983474,-0.4062888866518348,0.5974646563198095,0.9850339595405362,0.340712451907777
242.58,1.154134719373815,1.1623575594262237,0.7544543372716331,0.23911047551007114,0.22743072916928747,0.8974321997637441,0.23881512922133005
221.48,1.0719203964163275,1.2612647896517941,1.034648320687074,0.7645391565787206,0.3345636517412532,0.8974321997637441,0.3534005616289092
126.56,0.6218269987448647,0.9653822338175734,1.1822006997483854,0.9252405681940608,0.5192865808368898,0.9500538571573489,0.5176438090682381
36.91,-0.12390900623806934,0.6681314026874513,1.0893853548856323,0.9811305177907504,0.6491299083437727,1.072046842219868,0.4798704302609248
0.0,-inf,0.18421254208557847,0.9210102110298469,0.9364745941536575,0.6491299083437727,1.072046842219868,0.46726993685701174
10.55,-0.6718743735631755,-0.3426388583000208,0.3154592619461565,0.9364745941536575,0.4405363931782568,1.1067182060764567,0.4798943318697695
10.55,-0.6718743735631755,-0.6185320681640545,-0.18744151172290924,0.7174407331774951,0.44053639317825777,1.1240376433619548,0.5050931620257545
5.27,-0.920517802625379,-0.5467814268847883,-0.8936233891551258,0.43510258375489114,0.3611517135548252,1.1413026382946092,0.5176676614283066
15.82,-0.5108739091671264,-0.48595167581005877,-1.5513650077223982,-0.6059624607462551,0.3876678557959902,1.158546084687511,0.5302335383632685
10.55,-0.6718743735631755,-0.48595167581005877,-1.81505296706768,-1.4753751561502166,-0.1292787918856644,0.9325468690016838,0.4041128761942014
152.93,0.7642216460487401,0.23068682752939335,-0.8260555177425234,-1.7940615578748897,0.009494422012160324,0.8446070394187584,0.4294162828165828
290.04,1.3240751625499994,0.7767831285516139,0.0020179687527656334,-1.087998349700199,-0.5289705528016655,0.045032933300713236,0.37879837952875467
279.49,1.28787113858081,1.1218281218236474,0.5210010519402287,-0.2795754839178471,-0.32699415822260747,-0.08675989846799345,0.18768769350299827
121.29,0.5910674703274675,1.086042491414395,0.7066653102647553,0.060454800265102276,-0.885890949497108,-0.3736995034183521,0.16204546261120634
58.01,0.11895098350098296,0.7846723439699296,0.7701672625950055,0.1850900749219794,-1.2891651055413886,-0.4902872375696769,0.22607101297452187
15.82,-0.5108739091671264,0.2742799166784838,0.777964911344103,0.19866982192947363,-1.4170277011835772,-0.47079446943054576,0.20048307491439674
0.0,-inf,-0.17195518549753538,0.5386258051859366,0.1850900749219794,-1.4170277011835772,-0.47079446943054576,0.20048307491439674
15.82,-0.5108739091671264,-0.48595167581005877,0.013860667274865218,0.1850900749219794,-1.384901580955491,-0.6079476603118052,0.23883934905772555
0.0,-inf,-0.7072241260300606,-0.8044116587187558,0.15775234522512188,-1.4493340020267576,-0.6474231687188639,0.22607101297452187
31.64,-0.2002453373700135,-0.3426388583000208,-1.2472214876461893,-0.17252273085536976,-1.2891651055413869,-0.6079476603118071,0.2898714014857091
89.65,0.38439911549932354,0.041927525242939634,-1.0691871861979578,-0.8006784617451972,-0.8555694074252742,-0.31579997399290866,0.4294402504663843
15.82,-0.5108739091671264,0.09900387205499298,-1.0691871861979578,-1.9006124989911681,-0.8254062567787906,-0.6671882797965454,0.32803959856132253
94.92,0.42192942538747313,0.28824122366635674,-0.6629442761841304,-2.0406219174165123,-1.1631359282427067,-0.7865071927277122,0.07204697199055472
284.77,1.3060930060312828,0.685656691936882,0.0718503785945628,-1.0282694334771878,-1.1944601702713826,-1.1926097715298862,-0.057309825048592375
348.05,1.5100824593598314,1.1277038437617213,0.6985940725179748,0.01793170588405684,-0.795286151517602,-0.7864693026864475,0.13639121363382525
137.11,0.6809426564667688,1.1737265639365924,0.8544565240539889,0.3709402966345019,-0.705632297214227,-1.1102922119510579,-0.07028942175926195
15.82,-0.5108739091671264,0.8457943933816808,0.7465832171436646,0.37094029663450045,-0.9467255262889638,-1.5485956579273032,-0.30569495051327006
42.19,-0.05515598294679458,0.2742799166784838,0.7857484104269238,0.47315978705975414,-0.795286151517602,-1.5273373853546213,-0.20067919398859618
31.64,-0.2002453373700135,-0.09137675829707854,0.6904908456255601,0.47315978705975414,-0.6168492349480611,-1.4007203874686804,-0.12232658592329523
15.82,-0.5108739091671264,-0.09137675829707854,0.22420510373179495,0.29242743309715075,-0.6168492349480598,-1.3797578432778013,-0.08327840736705176
15.82,-0.5108739091671264,-0.23341648588994593,-0.6253448729928729,0.29242743309715075,-0.528915232470402,-1.3588311200633694,-0.05728520474630639
10.55,-0.6718743735631755,-0.3854473455903658,-1.18430796892263,0.07453527597681689,-0.6463295171744741,-1.337900451285111,-0.031329557644904596
10.55,-0.6718743735631755,-0.432756260982114,-1.215235567983493,-0.7463159013535475,-1.1006994859650467,-1.3587914448604548,-0.03132955764490696
21.09,-0.3879867577024434,-0.3854473455903658,-1.3499147129235207,-2.158734422202398,-1.0697035395697772,-1.3170449617878859,-0.17451526475212875
184.57,0.9153215563356909,0.3286476384620341,-0.6253448729928729,-1.9006124989911681,-0.558115034301928,-1.1925706284967506,-0.16146001813417052
274.22,1.2694719155251017,0.8156641061014978,0.0718503785945628,-0.8189917244223545,-0.6168492349480598,-1.2546506164057822,-0.7860791674376129
200.39,0.9846697046091855,1.049212248449373,0.4303869458026347,-0.3108062953399943,-1.4816992599582774,-1.5698508379696465,-1.0862719952708897
168.75,0.8420601147641413,1.0303782207148051,0.6904754388597192,0.0745086605734098,-1.2891651055413869,-1.379757843277803,-1.1690463254840218
184.57,0.9153215563356909,0.9176604514659622,0.9427751245043113,0.49827584873944475,-0.32694002501197467,-0.8867457049844586,-0.9218990301356067
73.83,0.26170867824689953,0.7363752225172766,1.0137892954506103,0.6336754039957825,-0.15720345011555611,-0.6671132116349414,-0.7590617908720809
0.0,-inf,0.42710581603064374,0.7544692730582645,0.6093969353478844,-0.32694002501197467,-0.6671132116349414,-0.7590617908720809
0.0,-inf,-0.17195518549753538,0.2955917449994294,0.5849676198905254,-0.4129728874406886,-0.7266315562808315,-0.8946452543638003
0.0,-inf,-4.850018445453829,-0.13458321043097812,0.5356698581036506,-0.4998073272687497,-0.7266315562808315,-0.9218990301356067
0.0,-inf,-4.850018445453829,-0.6253448729928729,0.07450866057341064,-0.5581705297310404,-0.8465162862652175,-0.9765088706072589
0.0,-inf,-4.850018445453829,-1.5977925027621542,-0.7463499426416045,-0.6169050852962777,-1.1925706284967506,-1.0038911803104036
58.01,0.11895098350098296,-0.2671502763586126,-1.7550310267210076,-1.2749833611109902,-0.4129728874406886,-1.0285171190833013,-1.1414021274301887
179.3,0.8913805828931511,0.3794193200680398,-0.7016830412386664,-1.2323439666224547,-0.4418094057666559,-0.7067358990329335,-1.003865205082631
158.2,0.7907081582592602,0.685656691936882,-0.21456187436347599,-1.3401631504883633,-1.100758404436422,-1.1925706284967506,-1.6173462817262985
500.98,1.9251514628104482,1.2452792422698504,0.7465832171436646,0.06045480026510144,0.5193857426337526,-0.6078729415563487,-0.9355031030417106
184.57,0.9153215563356909,1.2506281997753057,1.006793418978922,0.5232531258693864,0.5975138484443635,-0.431787187963985,-1.031264669013093
58.01,0.11895098350098296,1.1451510215401615,1.082642884748096,0.657805472626687,-0.04567831639502678,-0.27725929204976224,-1.2105300267280064
0.0,-inf,0.39160335032105453,1.006793418978922,0.657805472626687,-0.4418094057666559,-0.431787187963985,-1.3078298186139525
0.0,-inf,-0.2671502763586126,0.7544692730582645,0.657805472626687,-0.4418094057666559,-0.5489073749258675,-1.3078298186139525
0.0,-inf,-4.850018445453829,0.5032304447182144,0.657805472626687,-0.4418094057666559,-0.6078729415563487,-1.335742462051596
36.91,-0.12390900623806934,-0.4328510383034356,-0.5533774936728594,0.6093969353478844,-0.2416896667533864,-0.5293250344501814,-1.2660851799710233
0.0,-inf,-0.4328510383034356,-1.4252066450868988,0.1714338396366562,-0.2416896667533864,-0.5685570759624576,-1.2799888101900456
10.55,-0.6718743735631755,-0.3426388583000208,-1.8802423009914384,-0.23327879717137015,-0.18526394811698274,-0.5685570759624594,-1.2939036818208614
47.46,0.007429118261745604,-0.2671502763586126,-1.4252066450868988,-1.9556717771440686,-0.2416896667533864,-0.4707205496092768,-1.1966822922468905
284.77,1.3060930060312828,0.5947529977327956,-0.2562287708545712,-1.4753313575839606,0.3079538128408072,-0.10560921048734118,-0.8538056116411866
221.48,1.0719203964163275,0.9176604514659622,0.24488815851940826,-0.8374503717830705,0.6234043484023043,-0.2964970179001771,-1.031264669013093
268.95,1.2508540109692432,1.1793640915280852,0.6494512579388151,-0.010711077794544995,-0.5874631664988722,-0.04889238469923245,-1.0587074405218855
105.47,0.4929939636980202,0.9720514875701564,0.8088988063992135,0.26587733992672785,-1.0388149160843176,-0.27725929204976224,-1.0999793115086811
15.82,-0.5108739091671264,0.6769500982005572,0.8165548402501103,0.3056193544741435,-1.2891651055413886,-0.9068897517714922,-1.2105300267280064
0.0,-inf,0.041927525242939634,0.7465832171436646,0.21222510925793406,-1.2891651055413886,-1.1925706284967506,-1.252166416826903
0.0,-inf,-0.7072241260300597,0.2653487125619398,0.21222510925793406,-1.2891651055413886,-1.1925706284967506,-1.252166416826903
0.0,-inf,-4.818124672506605,-0.22831091056620942,0.1850900749219794,-1.2891651055413886,-1.1925706284967506,-1.2939036818208614
0.0,-inf,-4.818124672506605,-1.2472214876461893,0.06045480026510144,-1.5141857126581137,-1.1925706284967506,-1.2939036818208614
21.09,-0.3879867577024434,-0.6186816429640343,-2.0304756346006756,-0.7284617427122305,-1.384901580955491,-1.1102922119510579,-1.3217937018738661
31.64,-0.2002453373700135,-0.30344290026438053,-1.8151713535631653,-1.4523476312518486,-1.2575035953436404,-0.9878686088724783,-1.4759643802641356
58.01,0.11895098350098296,0.0007237191816571286,-1.3144650587899436,-2.59060280415403,-1.1944601702713826,-0.9878686088724783,-1.3637005394165562
210.94,1.0290040013037753,0.5149639040244562,-0.42032645665037854,-1.955671777144069,-1.6454928176207306,-0.86663395181944,-1.0587074405218877
348.05,1.5100824593598314,0.9983338626727817,0.3738343111225953,-0.6059299079138003,-0.8858334260765458,-0.16257405185523127,-0.8945936288619494
348.05,1.5100824593598314,1.3133238518757826,0.9210378454360383,0.37094029663450073,-0.4418094057666559,-0.7266315562808315,-0.8945936288619467
131.84,0.651803823195449,1.2345188927077868,1.069046902575876,0.6817895254076038,-0.2984012359203965,-0.9270662278775496,-0.9082022355436675
52.73,0.06514936301650186,0.8894704568793826,1.0961722030428906,0.7995548585370001,-0.10127744921314635,-0.9473136482781445,-0.8131125959564867
42.19,-0.05515598294679458,0.35444790696181266,1.0758549043588248,0.891375751024933,0.11915526310382728,-0.7864314127590639,-0.8131125959564867
0.0,-inf,-0.06694775965546855,0.7857484104269256,0.845734006240268,0.11915526310382728,-0.7864314127590639,-0.8945936288619467
31.64,-0.2002453373700135,-0.17195518549753483,0.25515794771804345,0.845734006240268,0.2812204980717091,-0.6671132116349414,-0.8538056116411866
0.0,-inf,-0.48595167581005827,-0.6253448729928729,0.7174856602700226,0.2812204980717091,-0.8064152102714542,-0.8945936288619494
15.82,-0.5108739091671264,-0.3426388583000205,-1.1251635520750738,0.2525434444272859,0.2544137000928905,-0.7465208009199578,-0.8809956291136944
21.09,-0.3879867577024434,-0.43285103830343524,-1.3144650587899431,-0.6929572944022709,0.2005262940288001,-0.7067735506445395,-0.8538313641379818
31.64,-0.2002453373700135,-0.20180012303499528,-1.3868291202835477,-2.011992691736943,0.06450713260837909,-0.7664792432082924,-0.8266835561831436
163.48,0.8166765674594395,0.3286476384620341,-0.606976700439632,-1.846797280494529,-0.18526394811698274,-1.2339356537745028,-0.8809956291136944
184.57,0.9153215563356909,0.6592822715639483,-0.16078052468127235,-1.2536032309787186,-1.100758404436422,-1.379757843277803,-1.1137759052022616
284.77,1.3060930060312828,1.0176670407585964,0.4303869458026347,-0.4062582801031359,-1.4816992599582774,-1.3170449617878859,-0.8945936288619467
84.38,0.34532281955716165,0.9176736527556233,0.5473866376427637,-0.15747910589599504,-1.778777307131654,-1.4007203874686804,-1.113749764896514
26.37,-0.28682370323781675,0.685673139442229,0.5561081498912908,-0.17249417689773336,-1.9483626917773407,-1.3587914448604548,-1.5323336868634212
0.0,-inf,0.000764131720729143,0.5032473831486689,-0.17249417689773336,-2.2271392029504318,-1.3587914448604548,-1.7312443761576777
0.0,-inf,-0.5467814268847869,0.20327261859801907,-0.21796650308777057,-2.2271392029504318,-1.3587914448604548,-1.7312443761576777
0.0,-inf,-4.7953763183903195,-0.2145359066804596,-0.2795460182297857,-2.442562687333225,-1.3587914448604548,-1.7312443761576777
10.55,-0.6718743735631755,-0.8252224095311912,-1.2471599129494004,-0.34227052381816836,-2.3700993636934164,-1.3170054214534916,-1.7026777927517456
26.37,-0.28682370323781675,-0.43275626098211295,-1.6991244488003212,-0.7824049550323112,-2.2982738809873613,-1.296145873038856,-1.6314845801345812
15.82,-0.5108739091671264,-0.3033715212007559,-1.8150529670676803,-1.429470873182353,-2.3340737536723895,-1.3587517697859446,-1.5889167757101186
10.55,-0.6718743735631755,-0.3033715212007559,-1.6991244488003212,-3.0381719597032566,-2.4789341749572604,-1.5485150639450007,-1.7169415259249823
121.29,0.5910674703274675,0.1344279657072015,-0.9169944778238551,-2.742381811911609,-2.7767699113373006,-1.9152922367392806,-1.8747508867313771
411.33,1.6927969049338907,0.90366019702972,0.23459694603996697,-0.8559509298167521,-1.2890447323178642,-1.6552463067256413,-1.1966297603330118
363.87,1.5575061039373161,1.3030633249629349,0.824197843759828,0.22573060673393427,-0.8252919766333281,-1.5911028830013485,-1.5605883298033318
237.3,1.1339944970698377,1.4121192146758124,1.1096104604347703,0.7879386643219946,0.009598911491720872,-1.17192039484978,-1.419700553103604
226.76,1.0929377500582476,1.2345086436885513,1.363794151340674,1.260550472431557,1.004244449238575,-0.5096985443987515,-0.9764310676631266
0.0,-inf,0.7925024455273164,1.3516880175428971,1.2396880966009576,1.004244449238575,-0.6670756777208022,-0.9764310676631266
47.46,0.007429118261745604,0.46113231360523516,1.2652806380195334,1.2812940478557029,1.2260639419564576,-0.49017618894252074,-0.8537798591823483
47.46,0.007429118261745604,-0.06694775965546812,0.7857336961551311,1.3429820306667777,1.4432316951519182,-0.4317503403515385,-0.7319836948760645
0.0,-inf,-0.06694775965546812,0.1605653248078843,1.322508701367039,1.3953458842156539,-0.4317503403515385,-0.8266321311586493
5.27,-0.920517802625379,-0.30344290026438026,-0.4045960680145927,1.0907841441257489,1.2989113342638587,-0.4706835898587158,-0.8130869033662865
36.91,-0.12390900623806934,-0.385532523442252,-1.154361411974736,0.23911047551007114,1.3953003908445996,-0.4123463586609769,-0.7454919232266496
21.09,-0.3879867577024434,-0.2334783888113441,-1.0423576074148693,-0.764410453213183,1.4431411228908757,-0.4512206287496695,-0.8131125959564867
232.03,1.1136118233100682,0.4938114436871988,-0.35845485835588775,-0.7825082800013875,1.9331459190157307,-0.20070187599773132,-0.9491437012919974
342.77,1.4939672746024548,0.9720388920965091,0.3154405164984107,-0.406319493484576,1.6324485455616253,0.35970119650069887,-0.6378685178716522
263.67,1.2319740556316772,1.2452690728049238,0.7544394013778907,0.31871505836708536,1.17702710436809,0.2863194303647756,-0.6513045583201171
221.48,1.0719203964163275,1.2344983945930124,1.0553181280274742,0.7292392304132425,1.1032661360627332,0.7560959614691111,-0.35842329194024075
79.1,0.3044447441703215,0.9314905607552088,1.1095850341738247,0.7994888262937258,0.3876176083185313,0.9325136276130153,-0.20067919398859618
0.0,-inf,0.5149441155118929,1.082617161557831,0.7994888262937258,0.3876176083185313,0.9325136276130153,-0.20067919398859618
0.0,-inf,-0.14376109984295518,0.7623107008014282,0.7878724425598078,0.1461833728953997,0.9325136276130153,-0.20067919398859618
42.19,-0.05515598294679458,-0.38544734559036475,0.25513855411628883,0.7995108371609005,0.11900030400710498,1.072046842219868,-0.09627679971303826
5.27,-0.920517802625379,-0.3426388583000199,-0.34337997803527287,0.7645391565787206,0.14618337289540084,1.0546619066573224,-0.08327840736705176
10.55,-0.6718743735631755,-0.2671502763586119,-1.1543053153212481,0.23911047551007114,0.17334158648232573,1.0024409951946407,-0.10928461669223284
15.82,-0.5108739091671264,-0.4859516758100578,-1.5977925027621538,-0.7106758451369233,0.06440323911977483,1.0024409951946407,-0.14838954083442618
52.73,0.06514936301650186,-0.14376109984295518,-1.2152951775528043,-1.5219841026190208,0.22737965069438962,1.1412371572710736,-0.16146001813417532
163.48,0.8166765674594395,0.3670211312092335,-0.5188314932351973,-1.7940615578748897,-0.1292787918856644,1.2786851785557745,-0.2793767590872613
342.77,1.4939672746024548,0.9245964233775636,0.2241853631417546,-0.7284617427122305,-0.1292787918856644,1.0546289598005731,-0.29254346873095
242.58,1.154134719373815,1.150911624435894,0.6411327901437598,0.003625655058199912,-0.24174331120719142,0.6490603680850183,-0.5576186783545881
332.23,1.4613451994485571,1.323502125966201,1.0961594163365307,0.8111378878377328,0.3346141719011383,0.9675053343027078,-0.057309825048592375
195.12,0.9619682828985141,1.1737265639365924,1.3150260578341184,1.133863202533101,0.9040624457407187,0.8621936153213979,0.28989555334670075
5.27,-0.920517802625379,0.8894704568793826,1.258995507258751,1.133863202533101,0.9291767658603256,0.8797909104677537,0.20050734599029746
5.27,-0.920517802625379,0.30194441641445774,1.062192766028222,1.1231239377223061,0.9542291902928748,0.7382703803557985,0.2132936841717223
0.0,-inf,-0.8254900955447954,0.5647579920876199,1.0907841441257489,0.7519083703742263,0.5772861004429848,0.13639121363382525
0.0,-inf,-1.0118130857133205,0.11679702733495649,0.9811726395038264,0.7263488028036423,0.5772861004429848,0.13639121363382525
31.64,-0.2002453373700135,-0.4859516758100578,-0.7017203824034793,0.6936936280613824,0.8282478857845659,0.6669698477888453,0.17488326921556518
63.28,0.16926792769907,-0.06694775965546812,-1.3499832638747247,0.0036256550582004685,1.0538749218066197,0.7560622868060365,0.27713890451145845
68.55,0.21669692461756385,0.18421254208557847,-0.9904973817332904,-0.5045874348114617,1.1279896714802464,0.9149508826757212,0.3661279445417225
105.47,0.4929939636980202,0.3793960217886651,-0.5888709900249985,-1.3183219144713298,0.8535505857205292,0.4870349465787372,0.22607101297452187
374.41,1.588420239771783,0.910668665120017,0.3253109788097775,-0.657917212427005,1.00414995473346,0.5952910986155888,0.6804753305050284
369.14,1.5730291003123573,1.2559566428771398,0.9137164023537054,0.3708911818782041,1.5854609061090534,0.9500206582587293,0.8788731536480235
263.67,1.2319740556316772,1.4073254862103561,1.2144901583103458,0.9588730154367398,1.2745935664742323,1.0893769947571967,1.293578971505879
10.55,-0.6718743735631755,1.0303782207148051,1.1494805729115298,0.9811515787003671,0.387667855795989,0.8622270282799049,1.2573538745230586
42.19,-0.05515598294679458,0.5457233337695429,1.116300646402188,1.069080032503203,0.5714571810193981,1.0024740673986285,1.3538072411184312
0.0,-inf,-0.3033715212007559,0.9785637871778835,1.0033119824821954,0.5454309041529022,1.0024740673986285,1.3538072411184312
0.0,-inf,-0.38544734559036475,0.4023268956515862,0.8685858824999174,0.5454309041529022,0.8622270282799049,1.3538072411184312
21.09,-0.3879867577024434,-0.6186816429640335,-0.373636174217717,0.7645613584287309,0.6491788461904572,0.9149841667792836,1.3778265469269582
0.0,-inf,-0.6186816429640335,-1.5977925027621542,0.5232295268811018,0.4931227651245777,0.8798242803557254,1.3176751163150489
10.55,-0.6718743735631755,-0.4859516758100578,-1.5977925027621542,-0.45503762745042864,0.2274307291692895,0.8622270282799082,1.305630899165388
26.37,-0.28682370323781675,-0.43275626098211295,-1.7550310267210076,-1.768075227146603,0.00954666689437071,0.7738645261290357,1.341763288895467
342.77,1.4939672746024548,0.6592822715639483,-0.20093972744641714,-1.4069127174002274,1.1771200214271866,1.3639409828678133,1.840512595712957
210.94,1.0290040013037753,0.9519542971792387,0.2653487125619398,-0.6578510297711717,0.38776834997955323,0.9325468690016838,1.3898247440043074
284.77,1.3060930060312828,1.2452792422698504,0.7147201204658181,0.06045480026510144,-0.04567831639502678,1.0720797474150108,1.2089295451437234
237.3,1.1339944970698377,1.1335419476907969,1.0484750375417191,0.6457474018401146,-0.18526394811698274,0.7560959614691111,1.2089295451437234
68.55,0.21669692461756385,0.9653822338175734,1.122971737170917,0.7995328479086579,0.11910361034805203,0.32299138469840727,0.841786894311632
21.09,-0.3879867577024434,0.5656217756399169,1.1162879696816486,0.7995328479086579,0.00949442201215921,0.37789699517569864,0.8911486580687018
0.0,-inf,-0.09142413442487513,0.6327796790297953,0.7995328479086579,0.00949442201215921,0.3596318316328454,0.7798815400596423
15.82,-0.5108739091671264,-0.43285103830343485,0.2955727899528622,0.8111159399022669,0.09179224972835952,0.41438697238996286,0.7053299072326089
26.37,-0.28682370323781675,-0.38544734559036475,-0.28472093579099006,0.8111159399022667,0.11910361034805203,0.5051612381597206,0.7674849867371736
58.01,0.11895098350098296,-0.043478709813864404,-0.8936233891551258,0.1302078912137604,0.4142128124100167,0.5953251761565037,0.8911720322361357
21.09,-0.3879867577024434,-0.020963792837440865,-1.1251635520750738,-0.4062888866518348,0.4668895243332663,0.4507775039593607,0.854157225018507
21.09,-0.3879867577024434,-0.04352226880913922,-1.1251635520750738,-1.3402465258474454,0.4405363931782568,0.2862845560218107,0.854157225018507
253.12,1.193538409111261,0.5044323294126017,-0.21458784250334045,-1.2750648107045865,-0.0181307589613447,0.7915426999371958,0.9034861257073611
305.86,1.3768862097478518,0.9519414834909706,0.4023090236297293,-0.43873837016056727,0.4668396795862483,0.5593253157821533,0.8170683631386766
268.95,1.2508540109692432,1.2345086436885513,0.793473902417949,0.25251809724992497,0.3876678557959902,0.21252968027198305,0.8294552042257959
305.86,1.3768862097478518,1.2875380595779653,1.1296238803831282,0.9588941890378263,0.7263002407728839,0.35966651411193196,1.02629659373775
15.82,-0.5108739091671264,0.9653949008527855,1.12297173717092,0.9588941890378263,0.46688952433326747,0.37793163014371345,0.8788731536480235
0.0,-inf,0.5557372438349548,1.0961594163365307,0.9026806100247814,0.36120209675851545,0.23099818286146673,0.8788731536480235
0.0,-inf,-0.7072241260300588,0.7465832171436646,0.776244776089084,0.36120209675851545,0.23099818286146673,0.8788731536480235
0.0,-inf,-4.7953763183903195,0.22420510373179436,0.7292840254032609,0.2811697010362799,0.23099818286146673,0.7799285699743922
0.0,-inf,-4.7953763183903195,-0.42032645665037854,0.681766860106697,0.14628638891389675,0.15693362268529792,0.7675320481983079
10.55,-0.6718743735631755,-0.8252224095311912,-2.221128360309534,0.08853423853613952,-0.10133030407996395,0.19403535237022682,0.7675320481983079
5.27,-0.920517802625379,-0.7072241260300588,-2.4913180266870376,-0.8189917244223545,-0.18531727298678313,0.17547993655954872,0.7426904682061822
63.28,0.16926792769907,-0.14376109984295518,-1.5513650077223982,-1.6421344261029789,0.03704018706058557,0.30465064925985275,0.7675320481983079
84.38,0.34532281955716165,0.15143510277043876,-1.0160409821551808,-2.993281497408524,-0.8858334260765458,-0.6276513727727107,0.5804586732448159
479.88,1.8728098444332715,1.0112489384423355,0.3253296215300784,-0.6929572944022709,0.06450713260837909,0.3413415844436289,0.9035328429572974
247.85,1.173966621902197,1.2181980922213003,0.7386520585142499,0.04631875389969692,-0.04573086380330918,0.21249461115634105,0.9158387449799975
100.2,0.45813069996009353,1.2345086436885513,0.8694204406300821,0.3056193544741435,-1.1944601702713826,-0.27733210818851195,0.3661038935987812
52.73,0.06514936301650186,0.6942865163377255,0.9355531304463697,0.435126729547546,-0.9773558069950499,-0.33505872252495567,0.02037158073724087
31.64,-0.2002453373700135,0.2455033571811991,0.891688054867901,0.510772812100762,-0.7953431028439267,-0.2965334801938736,0.08489997418859874
5.27,-0.920517802625379,-0.09142413442487513,0.7779501424708174,0.4982520968587169,-0.7653790862047208,-0.27733210818851195,0.08489997418859874
10.55,-0.6718743735631755,-0.3426388583000199,-0.08352403757398151,0.510772812100762,-0.7056886910438267,-0.2965334801938736,0.11065173919899024
0.0,-inf,-0.7072241260300588,-0.8481528816675653,0.35795176602471107,-0.7056886910438267,-0.3930451370208063,0.11065173919899024
5.27,-0.920517802625379,-0.7072241260300588,-1.3499832638747247,0.15772633526513388,-0.7355133591025416,-0.5882744318198896,0.04621555076519021
21.09,-0.3879867577024434,-0.5469059385335441,-1.5978830481090942,-1.3183219144713298,-0.646441577260591,-0.5882744318198896,-0.057359065754390114
58.01,0.11895098350098296,-0.11696972239424867,-1.386829120283548,-2.2514333818140315,-0.6760172278781852,-0.45129443610229164,-0.08332771933611621
232.03,1.1136118233100682,0.5355761082588586,-0.4045960680145927,-1.5694191728869067,0.11905195731581196,-0.5293621641483626,0.22604677608988724
379.69,1.60371148538801,1.061614185398744,0.4210687919820961,-0.374155576277388,-0.41302752123619807,-0.25812287582317667,0.23883934905772555
321.68,1.4280605354104348,1.3386462291970713,0.9210240282763679,0.4095675359282127,-0.01807836310194206,-0.06783031968299656,0.12352605748997507
247.85,1.173966621902197,1.3536348184776439,1.2336674628895383,0.9588941890378263,0.7263002407728839,-0.27733210818851195,0.08492440083997883
126.56,0.6218269987448647,1.0920732756376188,1.3577426331529583,1.197640674828181,1.0786236980188613,0.11972724411511097,0.3661038935987812
52.73,0.06514936301650186,0.7363595918147127,1.3516765148217744,1.3019203557214354,1.177073563002157,0.30465064925985275,0.3914360005071916
58.01,0.11895098350098296,0.3793960217886651,1.1428844395706375,1.4038026896171432,1.419248047963778,0.5051612381597206,0.5302335383632685
0.0,-inf,0.0007237191816571286,0.607540680317871,1.3633417962178456,1.3712522213478988,0.5051612381597206,0.5302335383632685
15.82,-0.5108739091671264,-0.17195518549753425,0.03728793665409331,1.2812744135555239,1.4431411228908757,0.5593253157821533,0.5176676614283047
0.0,-inf,-0.7072241260300575,-0.6440208715068158,0.7995328479086579,1.419248047963778,0.5232288013466136,0.5176676614283047
63.28,0.16926792769907,-0.1437610998429542,-0.8936233891551255,0.03212655819892912,1.6090253237647845,0.7205226218141805,0.6430120391513692
89.65,0.38439911549932354,0.15143510277043876,-0.7417308290838056,-0.6578841209253068,1.7491495844850289,0.8092649972428412,0.7923167866380989
116.02,0.5594038525446148,0.44995156506017053,-0.5359736547197829,-1.128522245741113,1.2260177028961534,0.9149841667792836,0.2515987090314555
311.13,1.3941082942203054,0.8678486775870445,0.2345773230610636,-0.4879763680000113,0.9040147313915438,0.3413415844436306,0.49248613943208636
337.5,1.4777329763370288,1.1680542574990125,0.777964911344103,0.3056193544741435,0.9792201207311324,0.6491282518535708,0.6180019920443139
290.04,1.3240751625499994,1.3436563197895972,1.1691840696748295,0.8457122437972874,1.1771200214271866,1.2787175960223665,0.7426904682061822
0.0,-inf,1.0112489384423355,1.0894110029962436,0.8457122437972874,0.5715065019629262,1.1067182060764567,0.5804586732448209
0.0,-inf,0.493831721840357,0.9714572862400522,0.8111378878377334,0.3079538128408084,1.0024740673986297,0.5302573743456552
15.82,-0.5108739091671264,-0.7072241260300575,0.8317847323967312,0.8457122437972874,0.09184404900031788,1.0373209555896177,0.567927163714954
15.82,-0.5108739091671264,-0.4859516758100569,0.35458396672754694,0.7410924469699756,0.17344431376735997,1.0546948534351857,0.5679271637149517
0.0,-inf,-0.4859516758100569,-0.42032645665037854,0.5356698581036506,0.09184404900031563,1.0546948534351857,0.5050931620257545
0.0,-inf,-0.7072241260300575,-2.1192081896158803,0.25251809724992696,0.09184404900031563,1.0373209555896177,0.3661038935987812
52.73,0.06514936301650186,-0.3034429002643798,-1.5073077590922859,-0.47148099978801783,0.03704018706058557,1.1413026382946092,0.442042878919518
47.46,0.007429118261745604,-0.04352226880913866,-1.1843657577687252,-1.5455735871727942,-0.18531727298678216,1.1067182060764567,0.5050931620257545
189.84,0.9388294119752274,0.49381144368719854,-0.46870369126648975,-2.0406765653281775,0.20042385336026944,0.9675384908543199,0.35342462934103547
495.7,1.9121759408403345,1.1335308945479583,0.5733697265293317,-0.15753596554119045,1.1033129285486045,1.3469185895693476,0.8047201962769098
411.33,1.6927969049338907,1.4867596411967328,1.1560583316249518,0.8571433309842178,1.4431411228908757,1.633176478654148,1.1361039972497884
258.4,1.2128957492402228,1.544913933325778,1.458575852889991,1.3531542880715317,1.2988654185533248,1.666483675106787,1.02629659373775
31.64,-0.2002453373700135,1.0980868438312512,1.4352073570715649,1.383608605271097,1.4431411228908757,1.3639409828678133,1.0629708341732573
68.55,0.21669692461756385,0.6229374882302777,1.458575852889991,1.5132278680162643,1.749105586896545,1.4148198274904542,1.2210588226890051
0.0,-inf,-0.04352226880913922,1.240018244781489,1.5132278680162643,1.6792735454580439,1.2273383352901601,1.2210588226890051
0.0,-inf,-0.20180012303499473,0.5473700824701659,1.4138560545389764,1.6089807436522332,1.2273383352901601,1.2210588226890051
5.27,-0.920517802625379,-1.0118130857133205,-0.29915378590163094,1.3327281167883802,1.632448545561624,1.192968615153617,1.2331573181098536
0.0,-inf,-1.0118130857133205,-1.349983263874724,0.9476995100446861,1.632448545561624,1.192968615153617,1.2089295451437234
58.01,0.11895098350098296,-0.2334164858899455,-1.1843657577687252,-0.11282163920123571,1.6559090004600487,1.1757680534582495,1.3297344683488008
15.82,-0.5108739091671264,-0.17195518549753466,-1.5513650077223982,-1.4753751561502162,1.5145411080652527,0.9325136276130153,1.2210588226890051
295.31,1.3418586434925082,0.6412837026488716,-0.2704046247300192,-1.3183219144713298,1.9786804719644564,1.5159943771983415,1.6993414756109964
316.41,1.4111863066611774,1.0112489384423355,0.41172151869085255,-0.32654624108679847,1.1771200214271866,1.5328126695264936,1.3297344683488008
237.3,1.1339944970698377,1.2559566428771398,0.7857336961551311,0.1439931613477689,0.3345636517412532,1.2101478399522625,1.305630899165388
168.75,0.8420601147641413,1.121828121823646,1.0207636188531892,0.5603849459347667,-0.1292787918856644,0.8092314541050912,1.4616996959031865
242.58,1.154134719373815,1.0366844389231613,1.2526821808576853,1.0907841441257489,0.9291291693447571,1.599790603625444,1.8873540841263874
10.55,-0.6718743735631755,0.728104148546663,1.246364457704807,1.1016050088843579,0.649227783797311,1.633176478654148,1.8405348225887115
0.0,-inf,0.4154511799006256,0.8619514594261267,1.1016050088843579,0.649227783797311,1.583083867564996,1.8288176851038316
0.0,-inf,-0.8252224095311912,0.35458396672754694,0.9811726395038272,0.649227783797311,1.5328126695264965,1.805339623095001
15.82,-0.5108739091671264,-0.7072241260300588,-0.10882938676322215,0.9811726395038264,0.7007239673531415,1.583083867564996,1.8405348225887115
15.82,-0.5108739091671264,-0.4859516758100578,-0.5359736547197829,0.34494305243926954,0.777451422834919,1.633176478654148,1.8639698358934462
26.37,-0.28682370323781675,-0.2671502763586119,-1.6469133433538992,-0.455037627450429,0.6234043484023063,1.5496108799336556,1.875687707713468
52.73,0.06514936301650186,-0.06694775965546812,-1.3144650587899431,-1.0879983497001997,0.80288163925222,1.5663573137959934,1.8639698358934493
110.74,0.5266993930187623,0.26002053117587054,-0.7622852135634184,-1.3182805542228646,-0.12922578136317184,1.3128760123708898,1.5927961473733712
448.24,1.791739633975685,0.9917989702534594,0.3738161600983474,-0.5718027537578372,0.5454309041529031,1.158546084687511,1.7465293228255834
268.95,1.2508540109692432,1.2345086436885513,0.7857336961551311,0.17143383963665737,0.7007239673531404,0.6848894743632417,1.6283850346301385
305.86,1.3768862097478518,1.4216525676372969,1.1757074629324151,0.8913542293329234,1.347239998409621,0.8446070394187584,1.758319253698927
84.38,0.34532281955716165,1.049224062886851,1.2463644577048052,1.069100657783649,0.5975138484443635,1.0199250754824434,1.6639299322162864
0.0,-inf,0.6769500982005576,1.1822253551351531,1.036345054072246,0.5454803545620258,0.7916098734566069,1.5452705019282196
0.0,-inf,-0.11692011423545758,1.0415852372048877,1.0033329320797553,0.5454803545620258,0.7916098734566069,1.4138664829988148
5.27,-0.920517802625379,-1.0118130857133205,0.3642436566062688,0.9588941890378263,0.5715065019629262,0.8092985402978776,1.4258418147195169
0.0,-inf,-1.0118130857133205,-0.21456187436347599,0.8457122437972874,0.49317247742362963,0.7916098734566069,1.3898702634366327
21.09,-0.3879867577024434,-0.5469059385335441,-1.3144650587899436,0.6457474018401146,0.5193361618594393,0.8622604411565465,1.4378095645659428
42.19,-0.05515598294679458,-0.2334164858899455,-1.647009350008086,-0.42242746649271984,0.5974646563198095,0.809298540297881,1.3898702634366327
26.37,-0.28682370323781675,-0.09137675829707798,-1.4252066450868988,-1.2749833611109902,0.4669393688285571,0.8446404955126082,1.2452938944017684
348.05,1.5100824593598314,0.7197645637168166,-0.09612485431065569,-1.1081702390481685,1.5855502642053154,1.0199581056054228,1.7701019176534813
195.12,0.9619682828985141,0.9383694726174453,0.30557196623268473,-0.7106421920987973,0.3878185966856654,0.6133401214731538,1.5095253997826465
337.5,1.4777329763370288,1.2875380595779653,0.8544565240539889,0.26587733992672785,0.7263973645993963,0.9501202547131143,1.5095253997826465
311.13,1.3941082942203054,1.2506281997753064,1.2336795294776948,0.9811726395038264,0.7519568087388955,1.4148840326259653,1.5571630674654913
10.55,-0.6718743735631755,1.0492122484493738,1.1951957199592993,0.9922779533360069,0.38776834997955323,0.6491961352808118,1.5809484091571413
10.55,-0.6718743735631755,0.5754546324566664,1.175719824298266,1.014379736743059,0.44063634867486723,0.6491961352808118,1.6047040155887617
5.27,-0.920517802625379,-0.5467814268847869,0.7066653102647553,0.9811937002011294,0.46693936882855835,0.6670715383907747,1.5809484091571429
0.0,-inf,-0.7072241260300588,0.38337497127454484,0.891375751024933,0.44063634867486723,0.6670715383907747,1.5452705019282196
0.0,-inf,-1.0118130857133205,-0.373636174217717,0.8342272765335208,0.44063634867486723,0.6133401214731538,1.5452705019282196
15.82,-0.5108739091671264,-0.7072241260300588,-1.9514516479331907,0.03215349079728331,0.41426292409830723,0.6133401214731538,1.5809484091571429
10.55,-0.6718743735631755,-0.5467814268847869,-1.9514516479331907,-0.5045558939060765,0.25441370009289166,0.5593936531888929,1.4856729321255124
31.64,-0.2002453373700135,-0.2671502763586119,-1.6992267543461177,-1.6668278464384936,0.2812204980717091,0.48713800615100455,1.4498151204801681
174.02,0.8669373541442315,0.32864763846203476,-0.7215603152502289,-2.4145746937567427,-0.6463855470464894,0.7027853887656698,1.413889213776197
311.13,1.3941082942203054,0.8678348758750397,0.1278411840627007,-0.9891389911616325,-0.01807836310194331,0.23106822298546473,0.989596585220675
258.4,1.2128957492402228,1.145140066464009,0.59906130611882,-0.18763246235505032,-0.44186420902360474,0.19407047048715687,0.6305705311336106
290.04,1.3240751625499994,1.2665628697986997,0.999762470943916,0.5480470206799453,-0.5581705297310404,0.1383964628893753,0.7054243474195226
121.29,0.5910674703274675,1.061614185398744,1.142884439570638,0.8226880032255115,0.03704018706058557,0.2679279353220803,0.9158854311700816
0.0,-inf,0.7113389086878262,1.1028882800178692,0.8226880032255115,-0.01807836310194331,0.2679279353220803,0.7551742995741554
0.0,-inf,0.04192752524294019,0.8694204406300821,0.7879165905215966,-0.04573086380331029,0.2679279353220803,0.7551742995741554
0.0,-inf,-4.7953763183903195,0.37383431112259297,0.7645613584287309,-0.04573086380331029,0.2495108973493872,0.7551742995741554
0.0,-inf,-4.7953763183903195,-0.1740391062104385,0.6936936280613824,-0.04573086380331029,0.2495108973493872,0.7427611551530343
21.09,-0.3879867577024434,-0.6186816429640335,-1.1251635520750738,0.3318643755007321,-0.01807836310194206,0.2495108973493872,0.792387284050204
5.27,-0.920517802625379,-0.5469059385335441,-2.221337275207371,-0.5212524016202513,-0.04578341150080293,0.11976256061929795,0.6680354618424578
26.37,-0.28682370323781675,-0.30344290026438026,-1.8151713535631653,-1.3622618934033284,-0.0735163882516135,0.11976256061929795,0.6929776852596855
168.75,0.8420601147641413,0.2882412236663573,-0.7622852135634184,-1.928014921192209,-0.10133030407996395,-0.5293621641483626,0.3915080530916326
474.61,1.859528419755287,1.061614185398744,0.4210687919820961,-0.5212524016202513,0.7263488028036423,0.46895289968733833,0.7675791095396164
279.49,1.28787113858081,1.3285645235870378,0.8619372621918714,0.265852083768684,0.8282478857845659,0.2678930125987221,0.8665895221982988
158.2,0.7907081582592602,1.3184123039326316,1.0484619835534013,0.6457245296990506,0.17339295026104942,-0.27733210818851195,0.8418806399842436
121.29,0.5910674703274675,0.9245964233775636,1.195183459023539,0.9139759811304524,0.17339295026104942,0.11972724411511265,0.5554108969724715
5.27,-0.920517802625379,0.4830574669885758,1.1691716742874418,0.9252405681940608,0.20042385336026944,0.1010668851326376,0.5428384476668616
0.0,-inf,0.06152057992195805,0.9499736317843157,0.8799750295650012,0.20042385336026944,0.08241543775315291,0.5428384476668616
0.0,-inf,-1.0118130857133205,0.1713274400946035,0.8685858824999174,0.20042385336026944,0.08241543775315291,0.5428384476668616
0.0,-inf,-4.7953763183903195,-0.536006397334317,0.8111159399022669,0.20042385336026944,0.08241543775315291,0.5051170307309363
5.27,-0.920517802625379,-1.0118130857133205,-1.1843657577687257,0.4351025837548914,0.11905195731581421,0.04499741543849673,0.4799182334473967
42.19,-0.05515598294679458,-0.3426388583000199,-1.8151713535631653,-0.8007131083668421,0.3079031547407734,0.1568984056476975,0.5176915137573295
21.09,-0.3879867577024434,-0.20180012303499473,-1.647009350008086,-1.873611053392349,0.28111890373626414,0.11969192751620618,0.4420668300141048
73.83,0.26170867824689953,0.09900387205499298,-1.1251635520750738,-2.3479342561507477,-0.21351488911725236,-0.23901473504333087,0.3534486970213682
311.13,1.3941082942203054,0.7028413439477089,-0.07102478052946148,-1.3845389937470873,-1.131981106114368,-0.23901473504333087,0.020420609131016055
495.7,1.9121759408403345,1.287528192110488,0.8241689446993832,0.19864410149167092,0.06440323911977483,0.5952910986155888,0.5679271637149517
179.3,0.8913805828931511,1.3880247139622246,1.0621927660282247,0.6336524618759108,0.17339295026104942,0.21249461115634447,0.26437329525915687
47.46,0.007429118261745604,1.121828121823646,1.069021027416963,0.7410701153225016,-0.21351488911725236,-0.04899970579721954,0.17485896378877103
0.0,-inf,0.3544479069618133,1.0415721438148469,0.7410701153225016,-0.24174331120719028,-0.04899970579721954,0.17485896378877103
68.55,0.21669692461756385,0.021654371007830884,1.034648320687074,0.8799750295650012,0.11905195731581196,0.19396511585637538,0.340712451907777
5.27,-0.920517802625379,-0.17201013249146402,0.5905292231690243,0.7995108371608993,0.1462348810418644,0.21245954194771466,0.340712451907777
15.82,-0.5108739091671264,-0.09142413442487513,-0.4362708033581013,0.7878945166008678,0.22737965069438731,0.26782316687608937,0.37877434529264165
10.55,-0.6718743735631755,-0.4859516758100578,-1.0968252791537123,0.6457245296990506,0.25431182587131884,0.23096316266049557,0.3534246293410331
15.82,-0.5108739091671264,-0.38544734559036475,-1.280289285127889,-0.09806266973585444,0.11905195731581196,0.26785808978339,0.2898472495926378
36.91,-0.12390900623806934,-0.2334164858899455,-1.0692388480100314,-1.74244791119491,0.2004238533602672,0.30461582303016965,0.31528556338592884
79.1,0.3044447441703215,0.08052037329886984,-1.016090124896001,-2.283192478302973,0.22737965069438731,-0.01134835570344163,-0.345307864009595
432.42,1.7499429632808465,0.910668665120017,0.2241853631417546,-0.623197101922717,0.8281998127990843,-0.16271840107590232,0.23879090935261457
469.34,1.846160593876299,1.3831628714547897,0.9571624509955134,0.6457245296990506,0.7006752810560298,0.5051269312157867,0.5553394869330595
284.77,1.3060930060312828,1.5623989504543103,1.3026804813979713,1.1123780386264275,1.2015745891137477,0.9325136276130153,0.4924861394320838
89.65,0.38439911549932354,1.2506383300299215,1.387822111079926,1.2812940478557029,1.3953003908445996,0.8269307365761067,0.6804516885311886
0.0,-inf,0.65033388483811,1.3456187605318046,1.2501218724569911,1.3953003908445996,0.8092649972428412,0.6554924904854176
0.0,-inf,-0.09137675829707798,1.2526941533798424,1.2292093866665055,1.0786706029213329,0.8092649972428412,0.6430120391513692
10.55,-0.6718743735631755,-0.8252224095311912,0.6823552877605262,1.2187252721521817,1.1034065128812212,0.8446070394187584,0.6679881459278858
52.73,0.06514936301650186,-0.2334164858899455,-0.10882938676322215,1.2501218724569911,1.2746856123314243,1.01989204528005,0.7923167866380989
47.46,0.007429118261745604,0.0007237191816571286,-0.8481528816675649,1.1870998551291412,1.4431864091190676,1.158546084687511,0.8665193066385706
26.37,-0.28682370323781675,0.06152057992195805,-1.1543053153212481,0.2791886605828687,1.4908550016015105,1.1067182060764567,0.9035094843470195
36.91,-0.12390900623806934,0.0007237191816571286,-0.9654470270548571,-1.0282694334771891,1.4908550016015105,1.158546084687511,0.9158154018409606
316.41,1.4111863066611774,0.6592822715639483,0.013860667274865218,-0.9123198048644253,2.510748526401868,1.9301046365974943,1.2452709593093885
189.84,0.9388294119752274,0.9036468314514666,0.3738161600983474,-0.5718027537578372,1.4670703115228902,1.5496108799336576,0.9650043141463687
326.95,1.4447682384115335,1.2398993394695563,0.8165403387782209,0.3449183251856655,0.8028816392522189,1.0024740673986285,1.1239195928666854
168.75,0.8420601147641413,1.0799712241311539,0.9856478014078598,0.7410701153225016,0.22743072916928747,0.9675384908543199,0.8418103307742515
121.29,0.5910674703274675,0.9983215430301655,1.1095977473389427,0.9811515787003671,0.38771810301633003,1.210180417863978,0.8418103307742515
5.27,-0.920517802625379,0.5044523590831351,1.0690210274169631,0.8799750295650012,0.41416270046643,1.2273383352901601,0.854157225018507
0.0,-inf,0.06152057992195805,0.6159839546606943,0.776244776089084,0.41416270046643,1.0024740673986285,0.854157225018507
0.0,-inf,-1.0118130857133205,0.28555526630976497,0.7174407331774956,0.3611517135548252,0.9850339595405343,0.854157225018507
5.27,-0.920517802625379,-1.0118130857133205,-0.485203378821067,0.6457245296990506,0.11905195731581196,0.9500538571573458,0.866495901392923
0.0,-inf,-1.0118130857133205,-1.1843657577687257,-0.15753596554119045,-0.1292787918856633,0.9149841667792836,0.8170683631386766
14.26,-0.553406981545593,-0.6427684027038733,-2.254767780497667,-0.6982153949770851,-0.1936930083128863,0.9097908665642235,0.8381538841783069
78.12,0.29665093453924485,-0.07859019894469994,-1.405125542979968,-1.678860861453994,0.023746712252483728,1.0463238357972482,0.9590665896183688
133.57,0.6614527143659633,0.352497291513522,-0.7246386863492869,-1.8508921767535642,-0.9821221674482747,1.2247350842369897,0.8769551033134289
284.63,1.3056125350784287,0.8392120612056966,0.06979667173350064,-1.132199332325063,-0.447071991413491,0.7351678860752963,0.42711524202276563
182.91,0.9078281274504549,0.9785954990166923,0.4164631120615948,-0.5127985113152639,-1.2731699143786948,-0.267614780836145,0.19412293297279778
276.47,1.2773537065384226,1.1456439049713913,0.853943582890823,0.2649680099196571,-0.6484028503100885,-0.2978461913682136,0.4790338542850123
23.14,-0.3466231007571049,0.8194805462599944,0.8665606194955752,0.3229706417077727,-1.2158623743501469,-0.5426987114074857,0.24290782285187623
41.33,-0.06590469720588608,0.5914163679210709,0.8137977819802792,0.41160887770609733,-1.003194226795822,-0.38999635902250485,0.3300157948815196
25.18,-0.30816783866261616,-0.09137675829707798,0.6501586284730495,0.4722990314650661,-0.8576335589135986,-0.2978461913682136,0.39059536599723754
